Survived,Pclass,Sex,Age,SibSp,Parch,Embarked,Fare,Fare_bin,FamilySize,IsAlone,FarePerPerson,Is_UpperClass,Is_LowerClass,Is_MiddleClass
0.0,3.0,1,22.0,1.0,0.0,2,2.1102132003465894,1,2.0,0,1.0551066001732947,0,1,0
1.0,1.0,0,38.0,1.0,0.0,0,4.2805931204649,3,2.0,0,2.14029656023245,1,0,0
1.0,3.0,0,26.0,0.0,0.0,2,2.188856327665703,1,1.0,1,2.188856327665703,0,1,0
1.0,1.0,0,35.0,1.0,0.0,2,3.9908341858524357,3,2.0,0,1.9954170929262178,1,0,0
0.0,3.0,1,35.0,0.0,0.0,2,2.2027647577118348,2,1.0,1,2.2027647577118348,0,1,0
0.0,3.0,1,28.93116835269006,0.0,0.0,1,2.246892662898172,2,1.0,1,2.246892662898172,0,1,0
0.0,1.0,1,54.0,0.0,0.0,2,3.967694202798607,3,1.0,1,3.967694202798607,1,0,0
0.0,3.0,1,2.0,3.0,1.0,2,3.0944457464900235,0,5.0,0,0.6188891492980046,0,1,0
1.0,3.0,0,27.0,0.0,2.0,2,2.495953738718064,2,3.0,0,0.831984579572688,0,1,0
1.0,2.0,0,14.0,1.0,0.0,0,3.436268471383741,3,2.0,0,1.7181342356918705,0,0,1
1.0,3.0,0,4.0,1.0,1.0,2,2.8735646395797834,0,3.0,0,0.9578548798599278,0,1,0
1.0,1.0,0,58.0,0.0,0.0,2,3.3160025355989236,0,1.0,1,3.3160025355989236,1,0,0
0.0,3.0,1,20.0,0.0,0.0,2,2.2027647577118348,2,1.0,1,2.2027647577118348,0,1,0
0.0,3.0,1,39.0,1.0,5.0,2,3.4742929367327062,3,7.0,0,0.4963275623903866,0,1,0
0.0,3.0,0,14.0,0.0,0.0,2,2.180891922715322,1,1.0,1,2.180891922715322,0,1,0
1.0,2.0,0,55.0,0.0,0.0,2,2.833213344056216,0,1.0,1,2.833213344056216,0,0,1
0.0,3.0,1,2.0,4.0,1.0,1,3.405355391810819,0,6.0,0,0.5675592319684698,0,1,0
1.0,2.0,1,30.284304458841202,0.0,0.0,2,2.6390573296152584,2,1.0,1,2.6390573296152584,0,0,1
0.0,3.0,0,31.0,1.0,0.0,2,2.9444389791664403,0,2.0,0,1.4722194895832201,0,1,0
1.0,3.0,0,22.58331619228548,0.0,0.0,0,2.1071782966514356,1,1.0,1,2.1071782966514356,0,1,0
0.0,2.0,1,35.0,0.0,0.0,2,3.295836866004329,0,1.0,1,3.295836866004329,0,0,1
1.0,2.0,1,34.0,0.0,0.0,2,2.6390573296152584,2,1.0,1,2.6390573296152584,0,0,1
1.0,3.0,0,15.0,0.0,0.0,1,2.2004637699272855,2,1.0,1,2.2004637699272855,0,1,0
1.0,1.0,1,28.0,0.0,0.0,2,3.597312260588446,3,1.0,1,3.597312260588446,1,0,0
0.0,3.0,0,8.0,3.0,1.0,2,3.0944457464900235,0,5.0,0,0.6188891492980046,0,1,0
1.0,3.0,0,38.0,1.0,5.0,2,3.4777725458882283,3,7.0,0,0.496824649412604,0,1,0
0.0,3.0,1,28.955651380920198,0.0,0.0,0,2.1071782966514356,1,1.0,1,2.1071782966514356,0,1,0
1.0,3.0,0,22.57758569006823,0.0,0.0,1,2.1837114628556327,1,1.0,1,2.1837114628556327,0,1,0
0.0,3.0,1,28.947531319618147,0.0,0.0,2,2.1855792552411137,1,1.0,1,2.1855792552411137,0,1,0
0.0,1.0,1,40.0,0.0,0.0,0,3.357621598945279,0,1.0,1,3.357621598945279,1,0,0
1.0,1.0,0,32.29987782798318,1.0,0.0,0,4.993969182787072,3,2.0,0,2.496984591393536,1,0,0
1.0,3.0,0,22.58079909935711,0.0,0.0,1,2.169053700369523,1,1.0,1,2.169053700369523,0,1,0
0.0,2.0,1,66.0,0.0,0.0,2,2.4423470353692043,2,1.0,1,2.4423470353692043,0,0,1
0.0,1.0,1,28.0,1.0,0.0,0,4.420896324687287,3,2.0,0,2.2104481623436434,1,0,0
0.0,1.0,1,42.0,1.0,0.0,2,3.970291913552122,3,2.0,0,1.985145956776061,1,0,0
1.0,3.0,1,22.589383870263845,0.0,0.0,0,2.1076888046179385,1,1.0,1,2.1076888046179385,0,1,0
0.0,3.0,1,21.0,0.0,0.0,2,2.2027647577118348,2,1.0,1,2.2027647577118348,0,1,0
0.0,3.0,0,18.0,2.0,0.0,2,2.9444389791664403,0,3.0,0,0.9814796597221468,0,1,0
1.0,3.0,0,14.0,1.0,0.0,0,2.5048481563289,2,2.0,0,1.25242407816445,0,1,0
0.0,3.0,0,40.0,1.0,0.0,2,2.348991465808201,2,2.0,0,1.1744957329041006,0,1,0
0.0,2.0,0,27.0,1.0,0.0,2,3.091042453358316,0,2.0,0,1.545521226679158,0,0,1
0.0,3.0,1,28.952215362668767,0.0,0.0,0,2.1855792552411137,1,1.0,1,2.1855792552411137,0,1,0
1.0,2.0,0,3.0,1.0,2.0,0,3.7513658711253766,3,4.0,0,0.9378414677813441,0,0,1
1.0,3.0,0,19.0,0.0,0.0,1,2.1837114628556327,1,1.0,1,2.1837114628556327,0,1,0
0.0,3.0,1,28.95118121917005,0.0,0.0,2,2.2027647577118348,2,1.0,1,2.2027647577118348,0,1,0
0.0,3.0,1,24.910392920510468,1.0,0.0,1,2.803360380906535,0,2.0,0,1.4016801904532674,0,1,0
1.0,3.0,0,22.58620376441552,0.0,0.0,1,2.169053700369523,1,1.0,1,2.169053700369523,0,1,0
0.0,3.0,1,20.88739579685879,2.0,0.0,0,3.1214482048688246,0,3.0,0,1.0404827349562749,0,1,0
0.0,3.0,0,18.0,1.0,0.0,2,2.9338568698359038,0,2.0,0,1.4669284349179519,0,1,0
0.0,3.0,1,7.0,4.0,1.0,2,3.705920919968788,3,6.0,0,0.6176534866614647,0,1,0
0.0,3.0,1,21.0,0.0,0.0,2,2.174751721484161,1,1.0,1,2.174751721484161,0,1,0
1.0,1.0,0,49.0,1.0,0.0,0,4.353230991152628,3,2.0,0,2.176615495576314,1,0,0
1.0,2.0,0,29.0,1.0,0.0,2,3.295836866004329,0,2.0,0,1.6479184330021646,0,0,1
0.0,1.0,1,65.0,0.0,1.0,0,4.142804513146981,3,2.0,0,2.0714022565734904,1,0,0
1.0,1.0,1,37.770297547936224,0.0,0.0,2,3.597312260588446,3,1.0,1,3.597312260588446,1,0,0
1.0,2.0,0,21.0,0.0,0.0,2,2.4423470353692043,2,1.0,1,2.4423470353692043,0,0,1
0.0,3.0,1,28.5,0.0,0.0,0,2.1076888046179385,1,1.0,1,2.1076888046179385,0,1,0
1.0,2.0,0,5.0,1.0,2.0,2,3.3586377672433594,0,4.0,0,0.8396594418108398,0,0,1
0.0,3.0,1,11.0,5.0,2.0,2,3.8691155044168695,3,8.0,0,0.4836394380521087,0,1,0
0.0,3.0,1,22.0,0.0,0.0,0,2.1076888046179385,1,1.0,1,2.1076888046179385,0,1,0
1.0,1.0,0,38.0,0.0,0.0,2,4.394449154672439,3,1.0,1,4.394449154672439,1,0,0
0.0,1.0,1,45.0,1.0,0.0,2,4.436455632600354,3,2.0,0,2.218227816300177,1,0,0
0.0,3.0,1,4.0,3.0,2.0,2,3.3638415951183864,0,6.0,0,0.5606402658530644,0,1,0
0.0,1.0,1,44.25005636240306,0.0,0.0,0,3.357621598945279,0,1.0,1,3.357621598945279,1,0,0
1.0,3.0,1,17.705798856428096,1.0,1.0,0,2.7878344138303452,0,3.0,0,0.9292781379434484,0,1,0
1.0,2.0,0,29.0,0.0,0.0,2,2.4423470353692043,2,1.0,1,2.4423470353692043,0,0,1
0.0,3.0,1,19.0,0.0,0.0,2,2.2146605719425225,2,1.0,1,2.2146605719425225,0,1,0
1.0,3.0,0,17.0,4.0,2.0,2,2.188856327665703,1,7.0,0,0.31269376109510044,0,1,0
0.0,3.0,1,26.0,2.0,0.0,2,2.2682524139135403,2,3.0,0,0.7560841379711801,0,1,0
0.0,2.0,1,32.0,0.0,0.0,2,2.4423470353692043,2,1.0,1,2.4423470353692043,0,0,1
0.0,3.0,0,16.0,5.0,2.0,2,3.8691155044168695,3,8.0,0,0.4836394380521087,0,1,0
0.0,2.0,1,21.0,0.0,0.0,2,4.310799125385514,3,1.0,1,4.310799125385514,0,0,1
0.0,3.0,1,26.0,1.0,0.0,0,2.737880811060884,0,2.0,0,1.368940405530442,0,1,0
1.0,3.0,1,32.0,0.0,0.0,2,4.05171190165724,3,1.0,1,4.05171190165724,0,1,0
0.0,3.0,1,25.0,0.0,0.0,2,2.157559320943788,1,1.0,1,2.157559320943788,0,1,0
0.0,3.0,1,28.964465936801158,0.0,0.0,2,2.1855792552411137,1,1.0,1,2.1855792552411137,0,1,0
0.0,3.0,1,28.962711171294654,0.0,0.0,2,2.2027647577118348,2,1.0,1,2.2027647577118348,0,1,0
1.0,2.0,1,0.83,0.0,2.0,2,3.4011973816621555,0,3.0,0,1.1337324605540517,0,0,1
1.0,3.0,0,30.0,0.0,0.0,2,2.600836116795061,2,1.0,1,2.600836116795061,0,1,0
0.0,3.0,1,22.0,0.0,0.0,2,2.302585092994046,2,1.0,1,2.302585092994046,0,1,0
1.0,3.0,1,29.0,0.0,0.0,2,2.3513752571634776,2,1.0,1,2.3513752571634776,0,1,0
1.0,3.0,0,22.598300282696158,0.0,0.0,1,2.1733302571367834,1,1.0,1,2.1733302571367834,0,1,0
0.0,1.0,1,28.0,0.0,0.0,2,3.8732821771117156,3,1.0,1,3.8732821771117156,1,0,0
1.0,2.0,0,17.0,0.0,0.0,2,2.4423470353692043,2,1.0,1,2.4423470353692043,0,0,1
1.0,3.0,0,33.0,3.0,0.0,2,2.8243506567983707,0,4.0,0,0.7060876641995927,0,1,0
0.0,3.0,1,16.0,1.0,3.0,2,3.5660053559634015,3,5.0,0,0.7132010711926803,0,1,0
0.0,3.0,1,28.96631428133359,0.0,0.0,2,2.2027647577118348,2,1.0,1,2.2027647577118348,0,1,0
0.0,3.0,1,24.0,0.0,0.0,2,2.2027647577118348,2,1.0,1,2.2027647577118348,0,1,0
0.0,3.0,1,29.0,0.0,0.0,2,2.2027647577118348,2,1.0,1,2.2027647577118348,0,1,0
0.0,3.0,1,20.0,0.0,0.0,2,2.180891922715322,1,1.0,1,2.180891922715322,0,1,0
0.0,1.0,1,46.0,1.0,0.0,2,4.1299529896894684,3,2.0,0,2.0649764948447342,1,0,0
0.0,3.0,1,26.0,1.0,2.0,2,3.0715352369694915,0,4.0,0,0.7678838092423729,0,1,0
0.0,3.0,1,59.0,0.0,0.0,2,2.1102132003465894,1,1.0,1,2.1102132003465894,0,1,0
0.0,3.0,1,28.969196769364743,0.0,0.0,2,2.2027647577118348,2,1.0,1,2.2027647577118348,0,1,0
0.0,1.0,1,71.0,0.0,0.0,0,3.57386695198272,3,1.0,1,3.57386695198272,1,0,0
1.0,1.0,1,23.0,0.0,1.0,0,4.164465907853638,3,2.0,0,2.082232953926819,1,0,0
1.0,2.0,0,34.0,0.0,1.0,2,3.1780538303479458,0,2.0,0,1.5890269151739729,0,0,1
0.0,2.0,1,34.0,1.0,0.0,2,3.295836866004329,0,2.0,0,1.6479184330021646,0,0,1
0.0,3.0,0,28.0,0.0,0.0,2,2.1855792552411137,1,1.0,1,2.1855792552411137,0,1,0
0.0,3.0,1,28.973473711898507,0.0,0.0,2,2.1855792552411137,1,1.0,1,2.1855792552411137,0,1,0
0.0,1.0,1,21.0,0.0,1.0,2,4.360387947851531,3,2.0,0,2.1801939739257654,1,0,0
0.0,3.0,1,33.0,0.0,0.0,2,2.267393053825037,2,1.0,1,2.267393053825037,0,1,0
0.0,3.0,1,37.0,2.0,0.0,2,2.188856327665703,1,3.0,0,0.7296187758885676,0,1,0
0.0,3.0,1,28.0,0.0,0.0,2,2.1855792552411137,1,1.0,1,2.1855792552411137,0,1,0
1.0,3.0,0,21.0,0.0,0.0,2,2.157559320943788,1,1.0,1,2.157559320943788,0,1,0
1.0,3.0,1,22.607479513412052,0.0,0.0,2,2.1719067693519296,1,1.0,1,2.1719067693519296,0,1,0
0.0,3.0,1,38.0,0.0,0.0,2,2.1855792552411137,1,1.0,1,2.1855792552411137,0,1,0
1.0,3.0,0,18.444632214113504,1.0,0.0,1,3.224857896545748,0,2.0,0,1.612428948272874,0,1,0
0.0,1.0,1,47.0,0.0,0.0,2,3.970291913552122,3,1.0,1,3.970291913552122,1,0,0
0.0,3.0,0,14.5,1.0,0.0,0,2.737880811060884,0,2.0,0,1.368940405530442,0,1,0
0.0,3.0,1,22.0,0.0,0.0,2,2.2027647577118348,2,1.0,1,2.2027647577118348,0,1,0
0.0,3.0,0,20.0,1.0,0.0,2,2.3818582738885534,2,2.0,0,1.1909291369442767,0,1,0
0.0,3.0,0,17.0,0.0,0.0,0,2.738146075922933,0,1.0,1,2.738146075922933,0,1,0
0.0,3.0,1,21.0,0.0,0.0,2,2.188856327665703,1,1.0,1,2.188856327665703,0,1,0
0.0,3.0,1,70.5,0.0,0.0,1,2.169053700369523,1,1.0,1,2.169053700369523,0,1,0
0.0,2.0,1,29.0,1.0,0.0,2,3.091042453358316,0,2.0,0,1.545521226679158,0,0,1
0.0,3.0,0,2.0,4.0,2.0,2,3.4742929367327062,3,7.0,0,0.4963275623903866,0,1,0
0.0,2.0,1,21.0,2.0,0.0,2,4.310799125385514,3,3.0,0,1.4369330417951713,0,0,1
0.0,3.0,1,28.978564855465983,0.0,0.0,2,2.2027647577118348,2,1.0,1,2.2027647577118348,0,1,0
0.0,2.0,1,32.5,1.0,0.0,0,3.436268471383741,3,2.0,0,1.7181342356918705,0,0,1
1.0,2.0,0,32.5,0.0,0.0,2,2.6390573296152584,2,1.0,1,2.6390573296152584,0,0,1
0.0,1.0,1,54.0,0.0,1.0,2,4.360387947851531,3,2.0,0,2.1801939739257654,1,0,0
1.0,3.0,1,12.0,1.0,0.0,0,2.5048481563289,2,2.0,0,1.25242407816445,0,1,0
0.0,3.0,1,28.98448134533059,0.0,0.0,1,2.169053700369523,1,1.0,1,2.169053700369523,0,1,0
1.0,3.0,1,24.0,0.0,0.0,2,2.0969990034181696,1,1.0,1,2.0969990034181696,0,1,0
1.0,3.0,0,17.630940202719927,1.0,1.0,0,3.1509523813392697,0,3.0,0,1.0503174604464232,0,1,0
0.0,3.0,1,45.0,0.0,0.0,2,2.076311648670908,1,1.0,1,2.076311648670908,0,1,0
0.0,3.0,1,33.0,0.0,0.0,0,2.1855792552411137,1,1.0,1,2.1855792552411137,0,1,0
0.0,3.0,1,20.0,0.0,0.0,2,2.0856720914304723,1,1.0,1,2.0856720914304723,0,1,0
0.0,3.0,0,47.0,1.0,0.0,2,2.740840023925201,0,2.0,0,1.3704200119626004,0,1,0
1.0,2.0,0,29.0,1.0,0.0,2,3.295836866004329,0,2.0,0,1.6479184330021646,0,0,1
0.0,2.0,1,25.0,0.0,0.0,2,2.6390573296152584,2,1.0,1,2.6390573296152584,0,0,1
0.0,2.0,1,23.0,0.0,0.0,0,2.775447133088262,0,1.0,1,2.775447133088262,0,0,1
1.0,1.0,0,19.0,0.0,2.0,2,3.3062747934011893,0,3.0,0,1.1020915978003964,1,0,0
0.0,1.0,1,37.0,1.0,0.0,2,3.9908341858524357,3,2.0,0,1.9954170929262178,1,0,0
0.0,3.0,1,16.0,0.0,0.0,2,2.3240236363515288,2,1.0,1,2.3240236363515288,0,1,0
0.0,1.0,1,24.0,0.0,0.0,0,4.384523514872469,3,1.0,1,4.384523514872469,1,0,0
0.0,3.0,0,27.196482571329117,0.0,2.0,0,2.7878344138303452,0,3.0,0,0.9292781379434484,0,1,0
1.0,3.0,0,22.0,0.0,0.0,2,2.169053700369523,1,1.0,1,2.169053700369523,0,1,0
1.0,3.0,0,24.0,1.0,0.0,2,2.8243506567983707,0,2.0,0,1.4121753283991854,0,1,0
0.0,3.0,1,19.0,0.0,0.0,1,2.0476928433652555,1,1.0,1,2.0476928433652555,0,1,0
0.0,2.0,1,18.0,0.0,0.0,2,2.5257286443082556,2,1.0,1,2.5257286443082556,0,0,1
0.0,2.0,1,19.0,1.0,1.0,2,3.6309854756950335,3,3.0,0,1.2103284918983446,0,0,1
1.0,3.0,1,27.0,0.0,0.0,2,2.174274334826008,1,1.0,1,2.174274334826008,0,1,0
0.0,3.0,0,9.0,2.0,2.0,2,3.5660053559634015,3,5.0,0,0.7132010711926803,0,1,0
0.0,2.0,1,36.5,0.0,2.0,2,3.295836866004329,0,3.0,0,1.0986122886681098,0,0,1
0.0,2.0,1,42.0,0.0,0.0,2,2.6390573296152584,2,1.0,1,2.6390573296152584,0,0,1
0.0,2.0,1,51.0,0.0,0.0,2,2.6045398247325453,2,1.0,1,2.6045398247325453,0,0,1
1.0,1.0,0,22.0,1.0,0.0,2,4.213607983048918,3,2.0,0,2.106803991524459,1,0,0
0.0,3.0,1,55.5,0.0,0.0,2,2.2027647577118348,2,1.0,1,2.2027647577118348,0,1,0
0.0,3.0,1,40.5,0.0,2.0,2,2.740840023925201,0,3.0,0,0.9136133413084003,0,1,0
0.0,3.0,1,29.000571000088776,0.0,0.0,2,2.1177604059819726,1,1.0,1,2.1177604059819726,0,1,0
0.0,1.0,1,51.0,0.0,1.0,0,4.133231886474144,3,2.0,0,2.066615943237072,1,0,0
1.0,3.0,0,16.0,0.0,0.0,1,2.167143305297764,1,1.0,1,2.167143305297764,0,1,0
0.0,3.0,1,30.0,0.0,0.0,2,2.2027647577118348,2,1.0,1,2.2027647577118348,0,1,0
0.0,3.0,1,28.983495037301232,0.0,0.0,2,2.2682524139135403,2,1.0,1,2.2682524139135403,0,1,0
0.0,3.0,1,44.0,0.0,1.0,2,2.8390784635086144,0,2.0,0,1.4195392317543072,0,1,0
1.0,2.0,0,40.0,0.0,0.0,2,2.8183982582710754,0,1.0,1,2.8183982582710754,0,0,1
0.0,3.0,1,26.0,0.0,0.0,2,2.1719067693519296,1,1.0,1,2.1719067693519296,0,1,0
0.0,3.0,1,17.0,0.0,0.0,2,2.2682524139135403,2,1.0,1,2.2682524139135403,0,1,0
0.0,3.0,1,1.0,4.0,1.0,2,3.705920919968788,3,6.0,0,0.6176534866614647,0,1,0
1.0,3.0,1,9.0,0.0,2.0,2,3.0692150503137943,0,3.0,0,1.0230716834379314,0,1,0
1.0,1.0,0,36.69770762142678,0.0,1.0,2,4.02535169073515,3,2.0,0,2.012675845367575,1,0,0
0.0,3.0,0,45.0,1.0,4.0,2,3.3638415951183864,0,6.0,0,0.5606402658530644,0,1,0
0.0,1.0,1,44.31216070679102,0.0,0.0,2,3.2930552230424524,0,1.0,1,3.2930552230424524,1,0,0
0.0,3.0,1,28.0,0.0,0.0,2,4.05171190165724,3,1.0,1,4.05171190165724,0,1,0
0.0,1.0,1,61.0,0.0,0.0,2,3.5409593240373143,3,1.0,1,3.5409593240373143,1,0,0
0.0,3.0,1,4.0,4.0,1.0,1,3.405355391810819,0,6.0,0,0.5675592319684698,0,1,0
1.0,3.0,0,1.0,1.0,1.0,2,2.495953738718064,2,3.0,0,0.831984579572688,0,1,0
0.0,3.0,1,21.0,0.0,0.0,2,2.188856327665703,1,1.0,1,2.188856327665703,0,1,0
0.0,1.0,1,56.0,0.0,0.0,0,3.4561841799918147,3,1.0,1,3.4561841799918147,1,0,0
0.0,3.0,1,18.0,1.0,1.0,2,2.180891922715322,1,3.0,0,0.7269639742384406,0,1,0
0.0,3.0,1,16.097489808920443,3.0,1.0,2,3.275887339030031,0,5.0,0,0.6551774678060063,0,1,0
0.0,1.0,0,50.0,0.0,0.0,0,3.391567832686312,0,1.0,1,3.391567832686312,1,0,0
0.0,2.0,1,30.0,0.0,0.0,2,2.6390573296152584,2,1.0,1,2.6390573296152584,0,0,1
0.0,2.0,1,36.68508975364547,0.0,0.0,0,2.775708849576025,0,1.0,1,2.775708849576025,0,0,1
0.0,3.0,1,9.0,4.0,2.0,2,3.4777725458882283,3,7.0,0,0.496824649412604,0,1,0
1.0,2.0,1,1.0,2.0,1.0,2,3.6888794541139363,3,4.0,0,0.9222198635284841,0,0,1
1.0,3.0,0,4.0,0.0,2.0,2,3.1365805821413706,0,3.0,0,1.0455268607137902,0,1,0
0.0,1.0,1,43.98806247253487,0.0,0.0,2,3.9318256327243257,3,1.0,1,3.9318256327243257,1,0,0
1.0,3.0,0,18.59102344944815,1.0,0.0,1,2.803360380906535,0,2.0,0,1.4016801904532674,0,1,0
1.0,1.0,1,45.0,0.0,0.0,2,3.3160025355989236,0,1.0,1,3.3160025355989236,1,0,0
0.0,3.0,1,40.0,1.0,1.0,1,2.803360380906535,0,3.0,0,0.9344534603021782,0,1,0
0.0,3.0,1,36.0,0.0,0.0,2,2.1855792552411137,1,1.0,1,2.1855792552411137,0,1,0
1.0,2.0,0,32.0,0.0,0.0,2,2.6390573296152584,2,1.0,1,2.6390573296152584,0,0,1
0.0,2.0,1,19.0,0.0,0.0,2,2.6390573296152584,2,1.0,1,2.6390573296152584,0,0,1
1.0,3.0,0,19.0,1.0,0.0,2,2.180891922715322,1,2.0,0,1.090445961357661,0,1,0
1.0,2.0,1,3.0,1.0,1.0,2,3.295836866004329,0,3.0,0,1.0986122886681098,0,0,1
1.0,1.0,0,44.0,0.0,0.0,0,3.357621598945279,0,1.0,1,3.357621598945279,1,0,0
1.0,1.0,0,58.0,0.0,0.0,0,4.993969182787072,3,1.0,1,4.993969182787072,1,0,0
0.0,3.0,1,29.00970311560316,0.0,0.0,1,2.169053700369523,1,1.0,1,2.169053700369523,0,1,0
0.0,3.0,1,42.0,0.0,1.0,2,2.2411563979973974,2,2.0,0,1.1205781989986987,0,1,0
1.0,3.0,0,22.64061072600349,0.0,0.0,1,2.169053700369523,1,1.0,1,2.169053700369523,0,1,0
0.0,2.0,0,24.0,0.0,0.0,2,2.6390573296152584,2,1.0,1,2.6390573296152584,0,0,1
0.0,3.0,1,28.0,0.0,0.0,2,2.3513752571634776,2,1.0,1,2.3513752571634776,0,1,0
0.0,3.0,1,34.0,0.0,0.0,2,2.0143428636837015,1,1.0,1,2.0143428636837015,0,1,0
0.0,3.0,1,45.5,0.0,0.0,0,2.1071782966514356,1,1.0,1,2.1071782966514356,0,1,0
1.0,3.0,1,18.0,0.0,0.0,2,2.2027647577118348,2,1.0,1,2.2027647577118348,0,1,0
0.0,3.0,0,2.0,0.0,1.0,2,2.4390808375825834,2,2.0,0,1.2195404187912917,0,1,0
0.0,3.0,1,32.0,1.0,0.0,2,2.8243506567983707,0,2.0,0,1.4121753283991854,0,1,0
1.0,3.0,1,26.0,0.0,0.0,0,2.9850504252071306,0,1.0,1,2.9850504252071306,0,1,0
1.0,3.0,0,16.0,0.0,0.0,1,2.169053700369523,1,1.0,1,2.169053700369523,0,1,0
1.0,1.0,1,40.0,0.0,0.0,0,3.4657359027997265,3,1.0,1,3.4657359027997265,1,0,0
0.0,3.0,1,24.0,0.0,0.0,2,2.0856720914304723,1,1.0,1,2.0856720914304723,0,1,0
1.0,2.0,0,35.0,0.0,0.0,2,3.091042453358316,0,1.0,1,3.091042453358316,0,0,1
0.0,3.0,1,22.0,0.0,0.0,2,2.1102132003465894,1,1.0,1,2.1102132003465894,0,1,0
0.0,2.0,1,30.0,0.0,0.0,2,2.6390573296152584,2,1.0,1,2.6390573296152584,0,0,1
0.0,3.0,1,25.07722765266404,1.0,0.0,1,2.169053700369523,1,2.0,0,1.0845268501847616,0,1,0
1.0,1.0,0,31.0,1.0,0.0,0,4.738607824217808,3,2.0,0,2.369303912108904,1,0,0
1.0,3.0,0,27.0,0.0,0.0,2,2.188856327665703,1,1.0,1,2.188856327665703,0,1,0
0.0,2.0,1,42.0,1.0,0.0,2,3.332204510175204,0,2.0,0,1.666102255087602,0,0,1
1.0,1.0,0,32.0,0.0,0.0,0,4.347586575960343,3,1.0,1,4.347586575960343,1,0,0
0.0,2.0,1,30.0,0.0,0.0,2,2.4423470353692043,2,1.0,1,2.4423470353692043,0,0,1
1.0,3.0,1,16.0,0.0,0.0,2,2.2027647577118348,2,1.0,1,2.2027647577118348,0,1,0
0.0,2.0,1,27.0,0.0,0.0,2,2.6390573296152584,2,1.0,1,2.6390573296152584,0,0,1
0.0,3.0,1,51.0,0.0,0.0,2,2.2027647577118348,2,1.0,1,2.2027647577118348,0,1,0
0.0,3.0,1,29.017431654373556,0.0,0.0,2,2.1855792552411137,1,1.0,1,2.1855792552411137,0,1,0
1.0,1.0,1,38.0,1.0,0.0,2,4.51085950651685,3,2.0,0,2.255429753258425,1,0,0
0.0,3.0,1,22.0,0.0,0.0,2,2.336986519711378,2,1.0,1,2.336986519711378,0,1,0
1.0,2.0,1,19.0,0.0,0.0,2,2.4423470353692043,2,1.0,1,2.4423470353692043,0,0,1
0.0,3.0,1,20.5,0.0,0.0,2,2.1102132003465894,1,1.0,1,2.1102132003465894,0,1,0
0.0,2.0,1,18.0,0.0,0.0,2,2.6390573296152584,2,1.0,1,2.6390573296152584,0,0,1
0.0,3.0,0,16.11658629212682,3.0,1.0,2,3.275887339030031,0,5.0,0,0.6551774678060063,0,1,0
1.0,1.0,0,35.0,1.0,0.0,2,4.436455632600354,3,2.0,0,2.218227816300177,1,0,0
0.0,3.0,1,29.0,0.0,0.0,2,2.1719067693519296,1,1.0,1,2.1719067693519296,0,1,0
0.0,2.0,1,59.0,0.0,0.0,2,2.6741486494265287,2,1.0,1,2.6741486494265287,0,0,1
1.0,3.0,0,5.0,4.0,2.0,2,3.4777725458882283,3,7.0,0,0.496824649412604,0,1,0
0.0,2.0,1,24.0,0.0,0.0,2,2.4423470353692043,2,1.0,1,2.4423470353692043,0,0,1
0.0,3.0,0,29.026498534651775,0.0,0.0,2,2.145931282948669,1,1.0,1,2.145931282948669,0,1,0
0.0,2.0,1,44.0,1.0,0.0,2,3.295836866004329,0,2.0,0,1.6479184330021646,0,0,1
1.0,2.0,0,8.0,0.0,2.0,2,3.305053521109253,0,3.0,0,1.1016845070364176,0,0,1
0.0,2.0,1,19.0,0.0,0.0,2,2.4423470353692043,2,1.0,1,2.4423470353692043,0,0,1
0.0,2.0,1,33.0,0.0,0.0,2,2.5858825671280026,2,1.0,1,2.5858825671280026,0,0,1
0.0,3.0,0,24.99463791813603,1.0,0.0,0,2.737880811060884,0,2.0,0,1.368940405530442,0,1,0
1.0,3.0,0,18.610840554662317,1.0,0.0,1,2.803360380906535,0,2.0,0,1.4016801904532674,0,1,0
0.0,2.0,1,29.0,0.0,0.0,2,2.4423470353692043,2,1.0,1,2.4423470353692043,0,0,1
0.0,3.0,1,22.0,0.0,0.0,2,2.094945728215801,1,1.0,1,2.094945728215801,0,1,0
0.0,3.0,1,30.0,0.0,0.0,0,2.1071782966514356,1,1.0,1,2.1071782966514356,0,1,0
0.0,1.0,1,44.0,2.0,0.0,1,4.51085950651685,3,3.0,0,1.5036198355056165,1,0,0
0.0,3.0,0,25.0,0.0,0.0,2,2.1719067693519296,1,1.0,1,2.1719067693519296,0,1,0
1.0,2.0,0,24.0,0.0,2.0,2,2.740840023925201,0,3.0,0,0.9136133413084003,0,0,1
1.0,1.0,1,37.0,1.0,1.0,2,3.9806942251907276,3,3.0,0,1.326898075063576,1,0,0
0.0,2.0,1,54.0,1.0,0.0,2,3.295836866004329,0,2.0,0,1.6479184330021646,0,0,1
0.0,3.0,1,29.036018134555324,0.0,0.0,2,2.1102132003465894,1,1.0,1,2.1102132003465894,0,1,0
0.0,3.0,0,29.0,1.0,1.0,2,2.4390808375825834,2,3.0,0,0.8130269458608611,0,1,0
0.0,1.0,1,62.0,0.0,0.0,2,3.3160025355989236,0,1.0,1,3.3160025355989236,1,0,0
0.0,3.0,1,30.0,1.0,0.0,2,2.8390784635086144,0,2.0,0,1.4195392317543072,0,1,0
0.0,3.0,0,41.0,0.0,2.0,2,3.0545906305603445,0,3.0,0,1.0181968768534482,0,1,0
1.0,3.0,0,29.0,0.0,2.0,0,2.7878344138303452,0,3.0,0,0.9292781379434484,0,1,0
1.0,1.0,0,37.243311217277096,0.0,0.0,0,4.384523514872469,3,1.0,1,4.384523514872469,1,0,0
1.0,1.0,0,30.0,0.0,0.0,2,4.471638793363569,3,1.0,1,4.471638793363569,1,0,0
1.0,2.0,0,50.0,0.0,1.0,2,3.295836866004329,0,2.0,0,1.6479184330021646,0,0,1
0.0,3.0,1,29.032763019852368,0.0,0.0,1,2.169053700369523,1,1.0,1,2.169053700369523,0,1,0
1.0,3.0,1,3.0,4.0,2.0,2,3.4777725458882283,3,7.0,0,0.496824649412604,0,1,0
0.0,1.0,1,52.0,1.0,1.0,2,4.390118804571218,3,3.0,0,1.4633729348570725,1,0,0
0.0,3.0,0,29.03420426386794,0.0,0.0,1,2.169053700369523,1,1.0,1,2.169053700369523,0,1,0
0.0,2.0,1,36.0,0.0,0.0,2,2.4423470353692043,2,1.0,1,2.4423470353692043,0,0,1
0.0,3.0,1,16.0,4.0,1.0,2,3.705920919968788,3,6.0,0,0.6176534866614647,0,1,0
1.0,3.0,1,25.0,1.0,0.0,2,2.1719067693519296,1,2.0,0,1.0859533846759648,0,1,0
1.0,1.0,0,35.0,0.0,0.0,2,4.91730069488021,3,1.0,1,4.91730069488021,1,0,0
0.0,1.0,1,44.279301448057936,0.0,0.0,2,3.4657359027997265,3,1.0,1,3.4657359027997265,1,0,0
1.0,2.0,0,41.0,0.0,1.0,2,3.0204248861443626,0,2.0,0,1.5102124430721813,0,0,1
0.0,1.0,1,37.0,0.0,1.0,0,3.4242626545931514,0,2.0,0,1.7121313272965757,1,0,0
1.0,3.0,0,22.66799436229942,0.0,0.0,1,2.169053700369523,1,1.0,1,2.169053700369523,0,1,0
1.0,1.0,0,63.0,1.0,0.0,2,4.368919865004903,3,2.0,0,2.1844599325024516,1,0,0
0.0,3.0,0,45.0,0.0,0.0,2,2.169053700369523,1,1.0,1,2.169053700369523,0,1,0
0.0,3.0,1,7.0,4.0,1.0,1,3.405355391810819,0,6.0,0,0.5675592319684698,0,1,0
1.0,3.0,0,35.0,1.0,1.0,2,3.056356895370426,0,3.0,0,1.018785631790142,0,1,0
0.0,3.0,1,65.0,0.0,0.0,1,2.169053700369523,1,1.0,1,2.169053700369523,0,1,0
0.0,3.0,1,28.0,0.0,0.0,2,2.180891922715322,1,1.0,1,2.180891922715322,0,1,0
0.0,3.0,1,16.0,0.0,0.0,2,2.3513752571634776,2,1.0,1,2.3513752571634776,0,1,0
1.0,3.0,1,19.0,0.0,0.0,2,2.2027647577118348,2,1.0,1,2.2027647577118348,0,1,0
0.0,1.0,1,44.352928049531414,0.0,0.0,2,3.295836866004329,0,1.0,1,3.295836866004329,1,0,0
0.0,3.0,1,33.0,0.0,0.0,0,2.2682524139135403,2,1.0,1,2.2682524139135403,0,1,0
1.0,3.0,1,30.0,0.0,0.0,2,2.3513752571634776,2,1.0,1,2.3513752571634776,0,1,0
0.0,3.0,1,22.0,0.0,0.0,2,2.1855792552411137,1,1.0,1,2.1855792552411137,0,1,0
1.0,2.0,1,42.0,0.0,0.0,2,2.6390573296152584,2,1.0,1,2.6390573296152584,0,0,1
1.0,3.0,0,22.0,0.0,0.0,1,2.169053700369523,1,1.0,1,2.169053700369523,0,1,0
1.0,1.0,0,26.0,0.0,0.0,2,4.380149874661021,3,1.0,1,4.380149874661021,1,0,0
1.0,1.0,0,19.0,1.0,0.0,0,4.5226490762785785,3,2.0,0,2.2613245381392892,1,0,0
0.0,2.0,1,36.0,0.0,0.0,0,2.630088659632498,2,1.0,1,2.630088659632498,0,0,1
0.0,3.0,0,24.0,0.0,0.0,2,2.2874714551839976,2,1.0,1,2.2874714551839976,0,1,0
0.0,3.0,1,24.0,0.0,0.0,2,2.1855792552411137,1,1.0,1,2.1855792552411137,0,1,0
0.0,1.0,1,44.33328820430254,0.0,0.0,0,3.357621598945279,0,1.0,1,3.357621598945279,1,0,0
0.0,3.0,1,23.5,0.0,0.0,0,2.1076888046179385,1,1.0,1,2.1076888046179385,0,1,0
1.0,1.0,1,37.9264353693014,0.0,0.0,2,3.449987545831587,3,1.0,1,3.449987545831587,1,0,0
1.0,3.0,0,22.67736244840066,0.0,0.0,1,2.169053700369523,1,1.0,1,2.169053700369523,0,1,0
1.0,3.0,1,14.587195670387338,2.0,0.0,1,3.188416617383492,0,3.0,0,1.0628055391278306,0,1,0
1.0,2.0,0,30.39626909811931,0.0,0.0,1,2.5915163848462583,2,1.0,1,2.5915163848462583,0,0,1
0.0,3.0,1,29.04450176917856,0.0,0.0,2,2.2027647577118348,2,1.0,1,2.2027647577118348,0,1,0
1.0,1.0,0,36.8267443835419,0.0,0.0,0,4.717456363787216,3,1.0,1,4.717456363787216,1,0,0
1.0,1.0,0,17.0,1.0,0.0,0,4.699570861409576,3,2.0,0,2.349785430704788,1,0,0
0.0,2.0,1,30.0,1.0,0.0,0,3.2188758248682006,0,2.0,0,1.6094379124341003,0,0,1
1.0,1.0,0,30.0,0.0,0.0,0,4.0592215752427645,3,1.0,1,4.0592215752427645,1,0,0
1.0,1.0,0,24.0,0.0,0.0,0,4.432699549165613,3,1.0,1,4.432699549165613,1,0,0
0.0,2.0,0,26.0,1.0,1.0,2,3.295836866004329,0,3.0,0,1.0986122886681098,0,0,1
0.0,3.0,1,28.0,0.0,0.0,2,2.1855792552411137,1,1.0,1,2.1855792552411137,0,1,0
0.0,2.0,1,43.0,1.0,1.0,2,3.305053521109253,0,3.0,0,1.1016845070364176,0,0,1
1.0,3.0,0,26.0,0.0,0.0,2,2.180891922715322,1,1.0,1,2.180891922715322,0,1,0
1.0,2.0,0,24.0,1.0,0.0,2,3.295836866004329,0,2.0,0,1.6479184330021646,0,0,1
0.0,2.0,1,54.0,0.0,0.0,2,2.70805020110221,2,1.0,1,2.70805020110221,0,0,1
1.0,1.0,0,40.0,1.0,1.0,0,4.908971640319756,3,3.0,0,1.6363238801065851,1,0,0
0.0,3.0,1,22.0,0.0,0.0,2,2.1102132003465894,1,1.0,1,2.1102132003465894,0,1,0
0.0,3.0,1,27.0,0.0,0.0,2,2.1855792552411137,1,1.0,1,2.1855792552411137,0,1,0
1.0,2.0,0,30.0,0.0,0.0,1,2.5915163848462583,2,1.0,1,2.5915163848462583,0,0,1
1.0,2.0,0,22.0,1.0,1.0,2,3.4011973816621555,0,3.0,0,1.1337324605540517,0,0,1
1.0,1.0,0,36.0,0.0,0.0,0,4.91730069488021,3,1.0,1,4.91730069488021,1,0,0
1.0,2.0,0,36.0,0.0,0.0,2,2.6390573296152584,2,1.0,1,2.6390573296152584,0,0,1
1.0,3.0,0,31.0,1.0,1.0,2,3.0692150503137943,0,3.0,0,1.0230716834379314,0,1,0
1.0,1.0,0,16.0,0.0,1.0,0,4.077184839375167,3,2.0,0,2.0385924196875833,1,0,0
1.0,3.0,0,14.597644689500257,2.0,0.0,1,3.188416617383492,0,3.0,0,1.0628055391278306,0,1,0
0.0,1.0,1,45.5,0.0,0.0,2,3.3843902633457743,0,1.0,1,3.3843902633457743,1,0,0
0.0,3.0,1,16.0,2.0,0.0,2,2.9444389791664403,0,3.0,0,0.9814796597221468,0,1,0
1.0,1.0,0,32.585593740179036,1.0,0.0,2,4.902678819257608,3,2.0,0,2.451339409628804,1,0,0
0.0,3.0,1,29.05778648680967,0.0,0.0,2,2.1855792552411137,1,1.0,1,2.1855792552411137,0,1,0
0.0,1.0,1,29.0,1.0,0.0,2,4.213607983048918,3,2.0,0,2.106803991524459,1,0,0
1.0,1.0,0,41.0,0.0,0.0,0,4.908971640319756,3,1.0,1,4.908971640319756,1,0,0
1.0,3.0,1,45.0,0.0,0.0,2,2.2027647577118348,2,1.0,1,2.2027647577118348,0,1,0
0.0,1.0,1,45.0,0.0,0.0,2,3.597312260588446,3,1.0,1,3.597312260588446,1,0,0
1.0,2.0,1,2.0,1.0,1.0,2,3.295836866004329,0,3.0,0,1.0986122886681098,0,0,1
0.0,2.0,1,28.0,0.0,0.0,2,2.6390573296152584,2,1.0,1,2.6390573296152584,0,0,1
0.0,2.0,1,25.0,0.0,0.0,2,2.6390573296152584,2,1.0,1,2.6390573296152584,0,0,1
0.0,2.0,1,36.0,0.0,0.0,2,2.6390573296152584,2,1.0,1,2.6390573296152584,0,0,1
1.0,2.0,0,24.0,0.0,0.0,2,2.6390573296152584,2,1.0,1,2.6390573296152584,0,0,1
1.0,2.0,0,40.0,0.0,0.0,2,2.6390573296152584,2,1.0,1,2.6390573296152584,0,0,1
1.0,3.0,0,18.640803651384786,1.0,0.0,2,2.8390784635086144,0,2.0,0,1.4195392317543072,0,1,0
1.0,3.0,1,3.0,1.0,1.0,2,2.8273136219290276,0,3.0,0,0.9424378739763425,0,1,0
0.0,3.0,1,42.0,0.0,0.0,2,2.2682524139135403,2,1.0,1,2.2682524139135403,0,1,0
0.0,3.0,1,23.0,0.0,0.0,2,2.3248357019288655,2,1.0,1,2.3248357019288655,0,1,0
0.0,1.0,1,44.25362084143816,0.0,0.0,2,3.58351893845611,3,1.0,1,3.58351893845611,1,0,0
0.0,3.0,1,15.0,1.0,1.0,0,2.1076888046179385,1,3.0,0,0.7025629348726462,0,1,0
0.0,3.0,1,25.0,1.0,0.0,2,2.9338568698359038,0,2.0,0,1.4669284349179519,0,1,0
0.0,3.0,1,29.07383339019738,0.0,0.0,0,2.1071782966514356,1,1.0,1,2.1071782966514356,0,1,0
0.0,3.0,1,28.0,0.0,0.0,2,2.3513752571634776,2,1.0,1,2.3513752571634776,0,1,0
1.0,1.0,0,22.0,0.0,1.0,2,4.02535169073515,3,2.0,0,2.012675845367575,1,0,0
0.0,2.0,0,38.0,0.0,0.0,2,2.6390573296152584,2,1.0,1,2.6390573296152584,0,0,1
1.0,3.0,0,22.696488321353197,0.0,0.0,1,2.1837114628556327,1,1.0,1,2.1837114628556327,0,1,0
1.0,3.0,0,22.696848632357092,0.0,0.0,1,2.1837114628556327,1,1.0,1,2.1837114628556327,0,1,0
0.0,3.0,1,40.0,1.0,4.0,2,3.3638415951183864,0,6.0,0,0.5606402658530644,0,1,0
0.0,2.0,1,29.0,1.0,0.0,0,3.357621598945279,0,2.0,0,1.6788107994726396,0,0,1
0.0,3.0,0,45.0,0.0,1.0,0,2.737880811060884,0,2.0,0,1.368940405530442,0,1,0
0.0,3.0,1,35.0,0.0,0.0,2,2.0856720914304723,1,1.0,1,2.0856720914304723,0,1,0
0.0,3.0,1,25.024971819748714,1.0,0.0,1,2.803360380906535,0,2.0,0,1.4016801904532674,0,1,0
0.0,3.0,1,30.0,0.0,0.0,2,2.1102132003465894,1,1.0,1,2.1102132003465894,0,1,0
1.0,1.0,0,60.0,1.0,0.0,0,4.334017415487521,3,2.0,0,2.1670087077437605,1,0,0
1.0,3.0,0,22.708646812552708,0.0,0.0,0,2.1076888046179385,1,1.0,1,2.1076888046179385,0,1,0
1.0,3.0,0,22.701863596665444,0.0,0.0,1,2.169053700369523,1,1.0,1,2.169053700369523,0,1,0
1.0,1.0,0,24.0,0.0,0.0,0,4.252771798816619,3,1.0,1,4.252771798816619,1,0,0
1.0,1.0,1,25.0,1.0,0.0,0,4.0332082470129285,3,2.0,0,2.0166041235064642,1,0,0
0.0,3.0,1,18.0,1.0,0.0,2,2.0143428636837015,1,2.0,0,1.0071714318418508,0,1,0
0.0,3.0,1,19.0,0.0,0.0,2,2.2027647577118348,2,1.0,1,2.2027647577118348,0,1,0
0.0,1.0,1,22.0,0.0,0.0,0,4.91730069488021,3,1.0,1,4.91730069488021,1,0,0
0.0,3.0,0,3.0,3.0,1.0,2,3.0944457464900235,0,5.0,0,0.6188891492980046,0,1,0
1.0,1.0,0,33.3064783376048,1.0,0.0,0,4.420896324687287,3,2.0,0,2.2104481623436434,1,0,0
1.0,3.0,0,22.0,0.0,0.0,2,2.1102132003465894,1,1.0,1,2.1102132003465894,0,1,0
0.0,3.0,1,19.0,0.0,0.0,2,2.1719067693519296,1,1.0,1,2.1719067693519296,0,1,0
1.0,3.0,0,1.0,0.0,2.0,0,2.817902613071225,0,3.0,0,0.9393008710237417,0,1,0
0.0,3.0,1,32.0,0.0,0.0,2,2.188856327665703,1,1.0,1,2.188856327665703,0,1,0
1.0,1.0,0,35.0,1.0,0.0,2,3.970291913552122,3,2.0,0,1.985145956776061,1,0,0
0.0,3.0,1,29.075441726000467,0.0,0.0,2,2.1855792552411137,1,1.0,1,2.1855792552411137,0,1,0
0.0,2.0,1,18.0,0.0,0.0,2,4.310799125385514,3,1.0,1,4.310799125385514,0,0,1
0.0,3.0,1,1.0,5.0,2.0,2,3.8691155044168695,3,8.0,0,0.4836394380521087,0,1,0
1.0,2.0,0,36.0,0.0,0.0,2,2.6390573296152584,2,1.0,1,2.6390573296152584,0,0,1
0.0,3.0,1,29.07916813050004,0.0,0.0,1,2.1666737276227077,1,1.0,1,2.1666737276227077,0,1,0
1.0,2.0,0,17.0,0.0,0.0,0,2.5649493574615367,2,1.0,1,2.5649493574615367,0,0,1
1.0,1.0,1,36.0,1.0,2.0,2,4.795790545596741,3,4.0,0,1.1989476363991853,1,0,0
1.0,3.0,1,21.0,0.0,0.0,2,2.174274334826008,1,1.0,1,2.174274334826008,0,1,0
0.0,3.0,1,28.0,2.0,0.0,2,2.188856327665703,1,3.0,0,0.7296187758885676,0,1,0
1.0,1.0,0,23.0,1.0,0.0,0,4.738607824217808,3,2.0,0,2.369303912108904,1,0,0
1.0,3.0,0,24.0,0.0,2.0,2,2.8735646395797834,0,3.0,0,0.9578548798599278,0,1,0
0.0,3.0,1,22.0,0.0,0.0,2,2.174274334826008,1,1.0,1,2.174274334826008,0,1,0
0.0,3.0,0,31.0,0.0,0.0,2,2.180891922715322,1,1.0,1,2.180891922715322,0,1,0
0.0,2.0,1,46.0,0.0,0.0,2,3.295836866004329,0,1.0,1,3.295836866004329,0,0,1
0.0,2.0,1,23.0,0.0,0.0,2,2.4423470353692043,2,1.0,1,2.4423470353692043,0,0,1
1.0,2.0,0,28.0,0.0,0.0,2,2.613739521630969,2,1.0,1,2.613739521630969,0,0,1
1.0,3.0,1,39.0,0.0,0.0,2,2.188856327665703,1,1.0,1,2.188856327665703,0,1,0
0.0,3.0,1,26.0,0.0,0.0,2,2.2027647577118348,2,1.0,1,2.2027647577118348,0,1,0
0.0,3.0,0,21.0,1.0,0.0,2,2.3818582738885534,2,2.0,0,1.1909291369442767,0,1,0
0.0,3.0,1,28.0,1.0,0.0,2,2.8243506567983707,0,2.0,0,1.4121753283991854,0,1,0
0.0,3.0,0,20.0,0.0,0.0,2,2.2682524139135403,2,1.0,1,2.2682524139135403,0,1,0
0.0,2.0,1,34.0,1.0,0.0,2,3.091042453358316,0,2.0,0,1.545521226679158,0,0,1
0.0,3.0,1,51.0,0.0,0.0,2,2.169053700369523,1,1.0,1,2.169053700369523,0,1,0
1.0,2.0,1,3.0,1.0,1.0,2,2.9831534913471307,0,3.0,0,0.9943844971157102,0,0,1
0.0,3.0,1,21.0,0.0,0.0,2,2.1719067693519296,1,1.0,1,2.1719067693519296,0,1,0
0.0,3.0,0,16.18144227282771,3.0,1.0,2,3.275887339030031,0,5.0,0,0.6551774678060063,0,1,0
0.0,3.0,1,29.084809812101707,0.0,0.0,2,2.1855792552411137,1,1.0,1,2.1855792552411137,0,1,0
0.0,3.0,1,29.099400939445033,0.0,0.0,1,2.061570298060867,1,1.0,1,2.061570298060867,0,1,0
1.0,1.0,0,33.0,1.0,0.0,1,4.51085950651685,3,2.0,0,2.255429753258425,1,0,0
1.0,3.0,1,44.0,0.0,0.0,2,2.188856327665703,1,1.0,1,2.188856327665703,0,1,0
0.0,3.0,0,29.084496290610776,0.0,0.0,2,2.2027647577118348,2,1.0,1,2.2027647577118348,0,1,0
1.0,2.0,0,34.0,1.0,1.0,2,3.5115454388310208,3,3.0,0,1.170515146277007,0,0,1
1.0,2.0,0,18.0,0.0,2.0,2,2.6390573296152584,2,3.0,0,0.8796857765384195,0,0,1
0.0,2.0,1,30.0,0.0,0.0,2,2.6390573296152584,2,1.0,1,2.6390573296152584,0,0,1
0.0,3.0,0,10.0,0.0,2.0,2,3.224857896545748,0,3.0,0,1.074952632181916,0,1,0
0.0,3.0,1,29.088412922140645,0.0,0.0,0,2.1855792552411137,1,1.0,1,2.1855792552411137,0,1,0
0.0,3.0,1,21.0,0.0,0.0,1,2.167143305297764,1,1.0,1,2.167143305297764,0,1,0
0.0,3.0,1,29.0,0.0,0.0,2,2.1832383353614797,1,1.0,1,2.1832383353614797,0,1,0
0.0,3.0,0,28.0,1.0,1.0,2,2.7343675094195836,2,3.0,0,0.9114558364731945,0,1,0
0.0,3.0,1,18.0,1.0,1.0,2,3.0545906305603445,0,3.0,0,1.0181968768534482,0,1,0
0.0,3.0,1,29.09907256023675,0.0,0.0,2,2.1102132003465894,1,1.0,1,2.1102132003465894,0,1,0
1.0,2.0,0,28.0,1.0,0.0,2,3.295836866004329,0,2.0,0,1.6479184330021646,0,0,1
1.0,2.0,0,19.0,0.0,0.0,2,3.295836866004329,0,1.0,1,3.295836866004329,0,0,1
0.0,3.0,1,29.093295268506534,0.0,0.0,1,2.169053700369523,1,1.0,1,2.169053700369523,0,1,0
1.0,3.0,1,32.0,0.0,0.0,2,2.2027647577118348,2,1.0,1,2.2027647577118348,0,1,0
1.0,1.0,1,28.0,0.0,0.0,2,3.3160025355989236,0,1.0,1,3.3160025355989236,1,0,0
1.0,3.0,0,18.67106977571187,1.0,0.0,2,2.8390784635086144,0,2.0,0,1.4195392317543072,0,1,0
1.0,2.0,0,42.0,1.0,0.0,2,3.295836866004329,0,2.0,0,1.6479184330021646,0,0,1
0.0,3.0,1,17.0,0.0,0.0,2,2.094945728215801,1,1.0,1,2.094945728215801,0,1,0
0.0,1.0,1,50.0,1.0,0.0,2,4.041295341132285,3,2.0,0,2.0206476705661425,1,0,0
1.0,1.0,0,14.0,1.0,2.0,2,4.795790545596741,3,4.0,0,1.1989476363991853,1,0,0
0.0,3.0,0,21.0,2.0,2.0,2,3.5660053559634015,3,5.0,0,0.7132010711926803,0,1,0
1.0,2.0,0,24.0,2.0,3.0,2,2.9831534913471307,0,6.0,0,0.4971922485578551,0,0,1
0.0,2.0,1,31.0,0.0,0.0,2,2.4423470353692043,2,1.0,1,2.4423470353692043,0,0,1
1.0,2.0,0,45.0,1.0,1.0,2,3.305053521109253,0,3.0,0,1.1016845070364176,0,0,1
0.0,3.0,1,20.0,0.0,0.0,2,2.3513752571634776,2,1.0,1,2.3513752571634776,0,1,0
0.0,3.0,1,25.0,1.0,0.0,2,2.1719067693519296,1,2.0,0,1.0859533846759648,0,1,0
1.0,2.0,0,28.0,0.0,0.0,2,2.6390573296152584,2,1.0,1,2.6390573296152584,0,0,1
1.0,3.0,1,22.724275020023505,0.0,0.0,2,2.2096470973347766,2,1.0,1,2.2096470973347766,0,1,0
1.0,1.0,1,4.0,0.0,2.0,2,4.417131919904876,3,3.0,0,1.4723773066349588,1,0,0
1.0,2.0,0,13.0,0.0,1.0,2,3.0204248861443626,0,2.0,0,1.5102124430721813,0,0,1
1.0,1.0,1,34.0,0.0,0.0,2,3.3160025355989236,0,1.0,1,3.3160025355989236,1,0,0
1.0,3.0,0,5.0,2.0,1.0,0,3.0085645861193133,0,4.0,0,0.7521411465298283,0,1,0
1.0,1.0,1,52.0,0.0,0.0,2,3.449987545831587,3,1.0,1,3.449987545831587,1,0,0
0.0,2.0,1,36.0,1.0,2.0,2,3.3586377672433594,0,4.0,0,0.8396594418108398,0,0,1
0.0,3.0,1,24.995051612178216,1.0,0.0,2,3.0429354648621407,0,2.0,0,1.5214677324310704,0,1,0
0.0,1.0,1,30.0,0.0,0.0,0,3.3586377672433594,0,1.0,1,3.3586377672433594,1,0,0
1.0,1.0,1,49.0,1.0,0.0,0,4.500966778400217,3,2.0,0,2.2504833892001086,1,0,0
0.0,3.0,1,29.098548419762636,0.0,0.0,2,2.2027647577118348,2,1.0,1,2.2027647577118348,0,1,0
1.0,3.0,1,29.0,0.0,0.0,0,2.1855792552411137,1,1.0,1,2.1855792552411137,0,1,0
0.0,1.0,1,65.0,0.0,0.0,2,3.3160025355989236,0,1.0,1,3.3160025355989236,1,0,0
1.0,1.0,0,33.75174610581377,1.0,0.0,2,3.967694202798607,3,2.0,0,1.9838471013993035,1,0,0
1.0,2.0,0,50.0,0.0,0.0,2,2.4423470353692043,2,1.0,1,2.4423470353692043,0,0,1
0.0,3.0,1,29.104464909627243,0.0,0.0,1,2.169053700369523,1,1.0,1,2.169053700369523,0,1,0
1.0,1.0,1,48.0,0.0,0.0,2,3.3160025355989236,0,1.0,1,3.3160025355989236,1,0,0
0.0,3.0,1,34.0,0.0,0.0,2,2.2027647577118348,2,1.0,1,2.2027647577118348,0,1,0
0.0,1.0,1,47.0,0.0,0.0,2,3.676300671907076,3,1.0,1,3.676300671907076,1,0,0
0.0,2.0,1,48.0,0.0,0.0,2,2.6390573296152584,2,1.0,1,2.6390573296152584,0,0,1
0.0,3.0,1,29.102151529801574,0.0,0.0,2,2.2027647577118348,2,1.0,1,2.2027647577118348,0,1,0
0.0,3.0,1,38.0,0.0,0.0,2,2.0856720914304723,1,1.0,1,2.0856720914304723,0,1,0
0.0,1.0,1,56.0,0.0,0.0,2,3.3160025355989236,0,1.0,1,3.3160025355989236,1,0,0
0.0,3.0,1,29.108050619899384,0.0,0.0,1,2.1661924680884908,1,1.0,1,2.1661924680884908,0,1,0
1.0,3.0,0,0.75,2.0,1.0,0,3.0085645861193133,0,4.0,0,0.7521411465298283,0,1,0
0.0,3.0,1,29.115286555411974,0.0,0.0,2,2.1102132003465894,1,1.0,1,2.1102132003465894,0,1,0
0.0,3.0,1,38.0,0.0,0.0,2,2.2682524139135403,2,1.0,1,2.2682524139135403,0,1,0
1.0,2.0,0,33.0,1.0,2.0,2,3.3586377672433594,0,4.0,0,0.8396594418108398,0,0,1
1.0,2.0,0,23.0,0.0,0.0,0,2.694066212646058,2,1.0,1,2.694066212646058,0,0,1
0.0,3.0,0,22.0,0.0,0.0,2,2.3830123421066602,2,1.0,1,2.3830123421066602,0,1,0
0.0,1.0,1,44.065119764696504,0.0,0.0,2,3.970291913552122,3,1.0,1,3.970291913552122,1,0,0
0.0,2.0,1,34.0,1.0,0.0,2,3.091042453358316,0,2.0,0,1.545521226679158,0,0,1
0.0,3.0,1,29.0,1.0,0.0,2,2.0851502161468174,1,2.0,0,1.0425751080734087,0,1,0
0.0,3.0,1,22.0,0.0,0.0,2,2.142510233146819,1,1.0,1,2.142510233146819,0,1,0
1.0,3.0,0,2.0,0.0,1.0,2,2.586823743668066,2,2.0,0,1.293411871834033,0,1,0
0.0,3.0,1,9.0,5.0,2.0,2,3.8691155044168695,3,8.0,0,0.4836394380521087,0,1,0
0.0,3.0,1,50.0,0.0,0.0,2,2.2027647577118348,2,1.0,1,2.2027647577118348,0,1,0
1.0,3.0,0,63.0,0.0,0.0,2,2.3596740599781727,2,1.0,1,2.3596740599781727,0,1,0
1.0,1.0,1,25.0,1.0,0.0,0,4.5226490762785785,3,2.0,0,2.2613245381392892,1,0,0
0.0,3.0,0,16.208825909123647,3.0,1.0,2,3.275887339030031,0,5.0,0,0.6551774678060063,0,1,0
1.0,1.0,0,35.0,1.0,0.0,2,4.51085950651685,3,2.0,0,2.255429753258425,1,0,0
0.0,1.0,1,58.0,0.0,0.0,0,3.4242626545931514,0,1.0,1,3.4242626545931514,1,0,0
0.0,3.0,1,30.0,0.0,0.0,2,2.2027647577118348,2,1.0,1,2.2027647577118348,0,1,0
1.0,3.0,1,9.0,1.0,1.0,2,2.8273136219290276,0,3.0,0,0.9424378739763425,0,1,0
0.0,3.0,1,25.009103741330076,1.0,0.0,2,3.0429354648621407,0,2.0,0,1.5214677324310704,0,1,0
0.0,3.0,1,21.0,0.0,0.0,2,2.1102132003465894,1,1.0,1,2.1102132003465894,0,1,0
0.0,1.0,1,55.0,0.0,0.0,2,3.449987545831587,3,1.0,1,3.449987545831587,1,0,0
0.0,1.0,1,71.0,0.0,0.0,0,3.922056501139853,3,1.0,1,3.922056501139853,1,0,0
0.0,3.0,1,21.0,0.0,0.0,2,2.2027647577118348,2,1.0,1,2.2027647577118348,0,1,0
0.0,3.0,1,29.025422047695287,0.0,0.0,0,2.738146075922933,0,1.0,1,2.738146075922933,0,1,0
1.0,1.0,0,54.0,1.0,0.0,0,4.37281811610993,3,2.0,0,2.186409058054965,1,0,0
0.0,3.0,1,29.017340824069322,0.0,0.0,2,2.7788192719904172,0,1.0,1,2.7788192719904172,0,1,0
0.0,3.0,1,24.0,0.0,0.0,2,2.174274334826008,1,1.0,1,2.174274334826008,0,1,0
0.0,3.0,1,17.0,0.0,0.0,2,2.2682524139135403,2,1.0,1,2.2682524139135403,0,1,0
0.0,3.0,0,21.0,0.0,0.0,1,2.169053700369523,1,1.0,1,2.169053700369523,0,1,0
0.0,3.0,0,29.121615229892317,0.0,0.0,1,2.155151800914312,1,1.0,1,2.155151800914312,0,1,0
0.0,3.0,0,37.0,0.0,0.0,2,2.3596740599781727,2,1.0,1,2.3596740599781727,0,1,0
1.0,1.0,0,16.0,0.0,0.0,2,4.471638793363569,3,1.0,1,4.471638793363569,1,0,0
0.0,1.0,1,18.0,1.0,0.0,0,4.699570861409576,3,2.0,0,2.349785430704788,1,0,0
1.0,2.0,0,33.0,0.0,2.0,2,3.295836866004329,0,3.0,0,1.0986122886681098,0,0,1
1.0,1.0,1,38.0559203445762,0.0,0.0,2,3.3160025355989236,0,1.0,1,3.3160025355989236,1,0,0
0.0,3.0,1,28.0,0.0,0.0,2,3.1580636854714434,0,1.0,1,3.1580636854714434,0,1,0
1.0,3.0,1,26.0,0.0,0.0,2,4.05171190165724,3,1.0,1,4.05171190165724,0,1,0
1.0,3.0,1,29.0,0.0,0.0,1,2.169053700369523,1,1.0,1,2.169053700369523,0,1,0
0.0,3.0,1,29.119086146984586,0.0,0.0,2,2.2027647577118348,2,1.0,1,2.2027647577118348,0,1,0
1.0,1.0,1,36.0,0.0,0.0,2,3.3064287218760624,0,1.0,1,3.3064287218760624,1,0,0
1.0,1.0,0,54.0,1.0,0.0,0,4.100989104940769,3,2.0,0,2.0504945524703846,1,0,0
0.0,3.0,1,24.0,0.0,0.0,2,2.139571923732859,1,1.0,1,2.139571923732859,0,1,0
0.0,1.0,1,47.0,0.0,0.0,2,3.5559421706858756,3,1.0,1,3.5559421706858756,1,0,0
1.0,2.0,0,34.0,0.0,0.0,2,2.4423470353692043,2,1.0,1,2.4423470353692043,0,0,1
0.0,3.0,1,28.900413176318867,0.0,0.0,1,3.224857896545748,0,1.0,1,3.224857896545748,0,1,0
1.0,2.0,0,36.0,1.0,0.0,2,3.295836866004329,0,2.0,0,1.6479184330021646,0,0,1
0.0,3.0,1,32.0,0.0,0.0,2,2.1855792552411137,1,1.0,1,2.1855792552411137,0,1,0
1.0,1.0,0,30.0,0.0,0.0,2,4.548599834499697,3,1.0,1,4.548599834499697,1,0,0
0.0,3.0,1,22.0,0.0,0.0,2,2.1855792552411137,1,1.0,1,2.1855792552411137,0,1,0
0.0,3.0,1,29.13436563885155,0.0,0.0,0,2.1071782966514356,1,1.0,1,2.1071782966514356,0,1,0
1.0,1.0,0,44.0,0.0,1.0,0,4.077184839375167,3,2.0,0,2.0385924196875833,1,0,0
0.0,3.0,1,29.135028651771503,0.0,0.0,0,2.1076888046179385,1,1.0,1,2.1076888046179385,0,1,0
0.0,3.0,1,40.5,0.0,0.0,1,2.169053700369523,1,1.0,1,2.169053700369523,0,1,0
1.0,2.0,0,50.0,0.0,0.0,2,2.4423470353692043,2,1.0,1,2.4423470353692043,0,0,1
0.0,3.0,1,39.0,0.0,0.0,2,2.188856327665703,1,1.0,1,2.188856327665703,0,1,0
0.0,2.0,1,23.0,2.0,1.0,2,2.5257286443082556,2,4.0,0,0.6314321610770639,0,0,1
1.0,2.0,0,2.0,1.0,1.0,2,3.295836866004329,0,3.0,0,1.0986122886681098,0,0,1
0.0,3.0,1,29.13755082879876,0.0,0.0,0,2.1076888046179385,1,1.0,1,2.1076888046179385,0,1,0
0.0,3.0,1,17.0,1.0,1.0,0,2.1076888046179385,1,3.0,0,0.7025629348726462,0,1,0
1.0,3.0,0,20.870713537298464,0.0,2.0,0,3.1509523813392697,0,3.0,0,1.0503174604464232,0,1,0
0.0,3.0,0,30.0,0.0,0.0,2,2.2682524139135403,2,1.0,1,2.2682524139135403,0,1,0
1.0,2.0,0,7.0,0.0,2.0,2,3.305053521109253,0,3.0,0,1.1016845070364176,0,0,1
0.0,1.0,1,45.0,0.0,0.0,2,3.3160025355989236,0,1.0,1,3.3160025355989236,1,0,0
1.0,1.0,0,30.0,0.0,0.0,0,4.676792929661059,3,1.0,1,4.676792929661059,1,0,0
0.0,3.0,1,29.040343444919248,0.0,0.0,2,2.740840023925201,0,1.0,1,2.740840023925201,0,1,0
1.0,1.0,0,22.0,0.0,2.0,0,3.9219733362813143,3,3.0,0,1.3073244454271047,1,0,0
1.0,1.0,0,36.0,0.0,2.0,2,4.276666119016055,3,3.0,0,1.4255553730053518,1,0,0
0.0,3.0,0,9.0,4.0,2.0,2,3.4742929367327062,3,7.0,0,0.4963275623903866,0,1,0
0.0,3.0,0,11.0,4.0,2.0,2,3.4742929367327062,3,7.0,0,0.4963275623903866,0,1,0
1.0,2.0,1,32.0,1.0,0.0,2,3.295836866004329,0,2.0,0,1.6479184330021646,0,0,1
0.0,1.0,1,50.0,1.0,0.0,0,4.676792929661059,3,2.0,0,2.3383964648305295,1,0,0
0.0,1.0,1,64.0,0.0,0.0,2,3.295836866004329,0,1.0,1,3.295836866004329,1,0,0
1.0,2.0,0,19.0,1.0,0.0,2,3.295836866004329,0,2.0,0,1.6479184330021646,0,0,1
1.0,2.0,1,30.46343885322517,0.0,0.0,0,2.6988412620169004,2,1.0,1,2.6988412620169004,0,0,1
0.0,3.0,1,33.0,1.0,1.0,2,3.0692150503137943,0,3.0,0,1.0230716834379314,0,1,0
1.0,2.0,1,8.0,1.0,1.0,2,3.6309854756950335,3,3.0,0,1.2103284918983446,0,0,1
1.0,1.0,1,17.0,0.0,2.0,0,4.717456363787216,3,3.0,0,1.5724854545957385,1,0,0
0.0,2.0,1,27.0,0.0,0.0,2,3.295836866004329,0,1.0,1,3.295836866004329,0,0,1
0.0,3.0,1,29.136887490190254,0.0,0.0,1,2.17806441028492,1,1.0,1,2.17806441028492,0,1,0
1.0,3.0,1,22.0,0.0,0.0,0,2.1071782966514356,1,1.0,1,2.1071782966514356,0,1,0
1.0,3.0,0,22.0,0.0,0.0,2,2.1719067693519296,1,1.0,1,2.1719067693519296,0,1,0
0.0,1.0,1,62.0,0.0,0.0,2,3.3160025355989236,0,1.0,1,3.3160025355989236,1,0,0
1.0,1.0,0,48.0,1.0,0.0,0,3.703768066607687,3,2.0,0,1.8518840333038435,1,0,0
1.0,1.0,0,39.0,1.0,1.0,2,4.390118804571218,3,3.0,0,1.4633729348570725,1,0,0
1.0,3.0,0,36.0,1.0,0.0,2,2.91235066461494,0,2.0,0,1.45617533230747,0,1,0
0.0,3.0,1,29.14085632102052,0.0,0.0,1,2.169053700369523,1,1.0,1,2.169053700369523,0,1,0
0.0,3.0,1,40.0,0.0,0.0,2,2.1855792552411137,1,1.0,1,2.1855792552411137,0,1,0
0.0,2.0,1,28.0,0.0,0.0,2,2.6741486494265287,2,1.0,1,2.6741486494265287,0,0,1
0.0,3.0,1,29.137822319187066,0.0,0.0,2,2.2027647577118348,2,1.0,1,2.2027647577118348,0,1,0
0.0,3.0,0,29.13818263019096,0.0,0.0,2,2.2027647577118348,2,1.0,1,2.2027647577118348,0,1,0
0.0,3.0,1,24.0,2.0,0.0,2,3.224857896545748,0,3.0,0,1.074952632181916,0,1,0
0.0,3.0,1,19.0,0.0,0.0,2,2.1855792552411137,1,1.0,1,2.1855792552411137,0,1,0
0.0,3.0,0,29.0,0.0,4.0,2,3.0944457464900235,0,5.0,0,0.6188891492980046,0,1,0
0.0,3.0,1,29.150882335942832,0.0,0.0,0,2.1076888046179385,1,1.0,1,2.1076888046179385,0,1,0
1.0,3.0,1,32.0,0.0,0.0,2,2.180891922715322,1,1.0,1,2.180891922715322,0,1,0
1.0,2.0,1,62.0,0.0,0.0,2,2.4423470353692043,2,1.0,1,2.4423470353692043,0,0,1
1.0,1.0,0,53.0,2.0,0.0,2,3.960416900617205,3,3.0,0,1.3201389668724017,1,0,0
1.0,1.0,1,36.0,0.0,0.0,2,3.3100867049215847,0,1.0,1,3.3100867049215847,1,0,0
1.0,3.0,0,22.775727352463687,0.0,0.0,1,2.169053700369523,1,1.0,1,2.169053700369523,0,1,0
0.0,3.0,1,16.0,0.0,0.0,2,2.2027647577118348,2,1.0,1,2.2027647577118348,0,1,0
0.0,3.0,1,19.0,0.0,0.0,2,2.740840023925201,0,1.0,1,2.740840023925201,0,1,0
1.0,2.0,0,34.0,0.0,0.0,2,2.6390573296152584,2,1.0,1,2.6390573296152584,0,0,1
1.0,1.0,0,39.0,1.0,0.0,2,4.041295341132285,3,2.0,0,2.0206476705661425,1,0,0
0.0,3.0,0,25.116366800009267,1.0,0.0,0,2.738146075922933,0,2.0,0,1.3690730379614664,0,1,0
1.0,3.0,1,32.0,0.0,0.0,2,2.188856327665703,1,1.0,1,2.188856327665703,0,1,0
1.0,2.0,0,25.0,1.0,1.0,2,3.4339872044851463,3,3.0,0,1.1446624014950488,0,0,1
1.0,1.0,0,39.0,1.0,1.0,0,4.717456363787216,3,3.0,0,1.5724854545957385,1,0,0
0.0,2.0,1,54.0,0.0,0.0,2,3.295836866004329,0,1.0,1,3.295836866004329,0,0,1
0.0,1.0,1,36.0,0.0,0.0,0,3.716616209085536,3,1.0,1,3.716616209085536,1,0,0
0.0,3.0,1,29.136301702485824,0.0,0.0,0,2.2734137156937657,2,1.0,1,2.2734137156937657,0,1,0
1.0,1.0,0,18.0,0.0,2.0,2,4.390118804571218,3,3.0,0,1.4633729348570725,1,0,0
0.0,2.0,1,47.0,0.0,0.0,2,2.772588722239781,0,1.0,1,2.772588722239781,0,0,1
1.0,1.0,1,60.0,1.0,1.0,0,4.384523514872469,3,3.0,0,1.4615078382908229,1,0,0
0.0,3.0,1,22.0,0.0,0.0,2,2.2027647577118348,2,1.0,1,2.2027647577118348,0,1,0
0.0,3.0,1,29.147190405288306,0.0,0.0,2,2.2027647577118348,2,1.0,1,2.2027647577118348,0,1,0
0.0,3.0,1,35.0,0.0,0.0,2,2.094945728215801,1,1.0,1,2.094945728215801,0,1,0
1.0,1.0,0,52.0,1.0,0.0,0,4.37281811610993,3,2.0,0,2.186409058054965,1,0,0
0.0,3.0,1,47.0,0.0,0.0,2,2.1102132003465894,1,1.0,1,2.1102132003465894,0,1,0
0.0,3.0,0,27.462519218133654,0.0,2.0,1,2.169053700369523,1,3.0,0,0.7230179001231744,0,1,0
0.0,2.0,1,37.0,1.0,0.0,2,3.295836866004329,0,2.0,0,1.6479184330021646,0,0,1
0.0,3.0,1,36.0,1.0,1.0,2,3.224857896545748,0,3.0,0,1.074952632181916,0,1,0
1.0,2.0,0,30.218595540419866,0.0,0.0,2,3.5263605246161616,3,1.0,1,3.5263605246161616,0,0,1
0.0,3.0,1,29.161749275147482,0.0,0.0,0,2.1071782966514356,1,1.0,1,2.1071782966514356,0,1,0
1.0,1.0,1,49.0,1.0,0.0,0,4.0592215752427645,3,2.0,0,2.0296107876213823,1,0,0
1.0,2.0,0,24.0,2.0,1.0,2,3.332204510175204,0,4.0,0,0.833051127543801,0,0,1
0.0,3.0,1,29.15362921384543,0.0,0.0,2,2.1855792552411137,1,1.0,1,2.1855792552411137,0,1,0
0.0,1.0,1,44.24255717723544,0.0,0.0,2,3.770459441106359,3,1.0,1,3.770459441106359,1,0,0
0.0,3.0,1,44.0,0.0,0.0,2,2.2027647577118348,2,1.0,1,2.2027647577118348,0,1,0
1.0,1.0,1,35.0,0.0,0.0,0,3.3160025355989236,0,1.0,1,3.3160025355989236,1,0,0
0.0,3.0,1,36.0,1.0,0.0,2,2.806386101823072,0,2.0,0,1.403193050911536,0,1,0
0.0,3.0,1,30.0,0.0,0.0,2,2.1855792552411137,1,1.0,1,2.1855792552411137,0,1,0
1.0,1.0,1,27.0,0.0,0.0,2,3.449987545831587,3,1.0,1,3.449987545831587,1,0,0
1.0,2.0,0,22.0,1.0,2.0,0,3.7513658711253766,3,4.0,0,0.9378414677813441,0,0,1
0.0,3.0,0,39.0,1.0,5.0,2,3.4742929367327062,3,7.0,0,0.4963275623903866,0,1,0
0.0,3.0,1,29.168833696857764,0.0,0.0,2,2.0856720914304723,1,1.0,1,2.0856720914304723,0,1,0
1.0,3.0,0,18.744515937106932,1.0,0.0,1,2.803360380906535,0,2.0,0,1.4016801904532674,0,1,0
0.0,3.0,1,29.159952804226897,0.0,0.0,1,2.169053700369523,1,1.0,1,2.169053700369523,0,1,0
0.0,3.0,1,35.0,0.0,0.0,2,2.2027647577118348,2,1.0,1,2.2027647577118348,0,1,0
1.0,2.0,0,24.0,1.0,2.0,2,4.189654742026425,3,4.0,0,1.0474136855066063,0,0,1
0.0,3.0,1,34.0,1.0,1.0,2,2.7343675094195836,2,3.0,0,0.9114558364731945,0,1,0
0.0,3.0,0,26.0,1.0,0.0,2,2.8390784635086144,0,2.0,0,1.4195392317543072,0,1,0
1.0,2.0,0,4.0,2.0,1.0,2,3.6888794541139363,3,4.0,0,0.9222198635284841,0,0,1
0.0,2.0,1,26.0,0.0,0.0,2,2.4423470353692043,2,1.0,1,2.4423470353692043,0,0,1
0.0,3.0,1,27.0,1.0,0.0,0,2.737880811060884,0,2.0,0,1.368940405530442,0,1,0
1.0,1.0,1,42.0,1.0,0.0,2,3.9806942251907276,3,2.0,0,1.9903471125953638,1,0,0
1.0,3.0,1,20.0,1.0,1.0,0,2.817902613071225,0,3.0,0,0.9393008710237417,0,1,0
0.0,3.0,1,21.0,0.0,0.0,2,2.180891922715322,1,1.0,1,2.180891922715322,0,1,0
0.0,3.0,1,21.0,0.0,0.0,2,2.8390784635086144,0,1.0,1,2.8390784635086144,0,1,0
0.0,1.0,1,61.0,0.0,0.0,2,3.5061818266142577,3,1.0,1,3.5061818266142577,1,0,0
0.0,2.0,1,57.0,0.0,0.0,1,2.5915163848462583,2,1.0,1,2.5915163848462583,0,0,1
1.0,1.0,0,21.0,0.0,0.0,2,4.368919865004903,3,1.0,1,4.368919865004903,1,0,0
0.0,3.0,1,26.0,0.0,0.0,2,2.1855792552411137,1,1.0,1,2.1855792552411137,0,1,0
0.0,3.0,1,29.165946844995577,0.0,0.0,1,2.167143305297764,1,1.0,1,2.167143305297764,0,1,0
1.0,1.0,1,80.0,0.0,0.0,2,3.4339872044851463,3,1.0,1,3.4339872044851463,1,0,0
0.0,3.0,1,51.0,0.0,0.0,2,2.086193694502369,1,1.0,1,2.086193694502369,0,1,0
1.0,1.0,1,32.0,0.0,0.0,0,3.449987545831587,3,1.0,1,3.449987545831587,1,0,0
0.0,3.0,0,9.0,3.0,2.0,2,3.3638415951183864,0,6.0,0,0.5606402658530644,0,1,0
1.0,2.0,0,28.0,0.0,0.0,2,2.6390573296152584,2,1.0,1,2.6390573296152584,0,0,1
0.0,3.0,1,32.0,0.0,0.0,2,2.188856327665703,1,1.0,1,2.188856327665703,0,1,0
0.0,2.0,1,31.0,1.0,1.0,2,3.305053521109253,0,3.0,0,1.1016845070364176,0,0,1
0.0,3.0,0,41.0,0.0,5.0,2,3.705920919968788,3,6.0,0,0.6176534866614647,0,1,0
0.0,3.0,1,25.115827476129247,1.0,0.0,2,2.8390784635086144,0,2.0,0,1.4195392317543072,0,1,0
0.0,3.0,1,20.0,0.0,0.0,2,2.180891922715322,1,1.0,1,2.180891922715322,0,1,0
1.0,1.0,0,24.0,0.0,0.0,0,4.252771798816619,3,1.0,1,4.252771798816619,1,0,0
0.0,3.0,0,2.0,3.0,2.0,2,3.3638415951183864,0,6.0,0,0.5606402658530644,0,1,0
1.0,3.0,1,22.13232981948913,0.0,0.0,2,4.05171190165724,3,1.0,1,4.05171190165724,0,1,0
1.0,3.0,0,0.75,2.0,1.0,0,3.0085645861193133,0,4.0,0,0.7521411465298283,0,1,0
1.0,1.0,1,48.0,1.0,0.0,0,4.353230991152628,3,2.0,0,2.176615495576314,1,0,0
0.0,3.0,1,19.0,0.0,0.0,2,2.1855792552411137,1,1.0,1,2.1855792552411137,0,1,0
1.0,1.0,1,56.0,0.0,0.0,0,3.597312260588446,3,1.0,1,3.597312260588446,1,0,0
0.0,3.0,1,29.175306979259936,0.0,0.0,2,2.145931282948669,1,1.0,1,2.145931282948669,0,1,0
1.0,3.0,0,23.0,0.0,0.0,2,2.145931282948669,1,1.0,1,2.145931282948669,0,1,0
0.0,3.0,1,29.171284453036233,0.0,0.0,2,2.1855792552411137,1,1.0,1,2.1855792552411137,0,1,0
1.0,2.0,0,18.0,0.0,1.0,2,3.1780538303479458,0,2.0,0,1.5890269151739729,0,0,1
0.0,3.0,1,21.0,0.0,0.0,2,2.2442459824059346,2,1.0,1,2.2442459824059346,0,1,0
1.0,3.0,0,22.803465889976074,0.0,0.0,1,2.17806441028492,1,1.0,1,2.17806441028492,0,1,0
0.0,3.0,0,18.0,0.0,0.0,1,2.0476928433652555,1,1.0,1,2.0476928433652555,0,1,0
0.0,2.0,1,24.0,2.0,0.0,2,4.310799125385514,3,3.0,0,1.4369330417951713,0,0,1
0.0,3.0,1,29.173446319059593,0.0,0.0,2,2.1855792552411137,1,1.0,1,2.1855792552411137,0,1,0
0.0,3.0,0,32.0,1.0,1.0,1,2.803360380906535,0,3.0,0,0.9344534603021782,0,1,0
0.0,2.0,1,23.0,0.0,0.0,2,2.6390573296152584,2,1.0,1,2.6390573296152584,0,0,1
0.0,1.0,1,58.0,0.0,2.0,0,4.738607824217808,3,3.0,0,1.579535941405936,1,0,0
1.0,1.0,1,50.0,2.0,0.0,2,4.902678819257608,3,3.0,0,1.6342262730858694,1,0,0
0.0,3.0,1,40.0,0.0,0.0,0,2.1071782966514356,1,1.0,1,2.1071782966514356,0,1,0
0.0,1.0,1,47.0,0.0,0.0,2,3.2804411805263554,0,1.0,1,3.2804411805263554,1,0,0
0.0,3.0,1,36.0,0.0,0.0,2,2.139571923732859,1,1.0,1,2.139571923732859,0,1,0
1.0,3.0,1,20.0,1.0,0.0,2,2.188856327665703,1,2.0,0,1.0944281638328515,0,1,0
0.0,2.0,1,32.0,2.0,0.0,2,4.310799125385514,3,3.0,0,1.4369330417951713,0,0,1
0.0,2.0,1,25.0,0.0,0.0,2,2.6390573296152584,2,1.0,1,2.6390573296152584,0,0,1
0.0,3.0,1,29.17906668720007,0.0,0.0,2,2.1719067693519296,1,1.0,1,2.1719067693519296,0,1,0
0.0,3.0,1,43.0,0.0,0.0,2,2.2027647577118348,2,1.0,1,2.2027647577118348,0,1,0
1.0,1.0,0,33.82624602683524,1.0,0.0,2,3.970291913552122,3,2.0,0,1.985145956776061,1,0,0
1.0,2.0,0,40.0,1.0,1.0,2,3.6888794541139363,3,3.0,0,1.2296264847046454,0,0,1
0.0,1.0,1,31.0,1.0,0.0,2,3.970291913552122,3,2.0,0,1.985145956776061,1,0,0
0.0,2.0,1,70.0,0.0,0.0,2,2.4423470353692043,2,1.0,1,2.4423470353692043,0,0,1
1.0,2.0,1,31.0,0.0,0.0,2,2.6390573296152584,2,1.0,1,2.6390573296152584,0,0,1
0.0,3.0,1,18.0,0.0,0.0,2,2.1719067693519296,1,1.0,1,2.1719067693519296,0,1,0
0.0,3.0,1,24.5,0.0,0.0,2,2.2027647577118348,2,1.0,1,2.2027647577118348,0,1,0
1.0,3.0,0,18.0,0.0,0.0,2,2.3833998102837652,2,1.0,1,2.3833998102837652,0,1,0
0.0,3.0,0,43.0,1.0,6.0,2,3.8691155044168695,3,8.0,0,0.4836394380521087,0,1,0
0.0,3.0,0,29.178778517312814,0.0,0.0,1,2.212386825075897,2,1.0,1,2.212386825075897,0,1,0
1.0,1.0,1,27.0,0.0,0.0,0,4.353230991152628,3,1.0,1,4.353230991152628,1,0,0
0.0,3.0,1,20.0,0.0,0.0,2,2.3248357019288655,2,1.0,1,2.3248357019288655,0,1,0
0.0,3.0,1,14.0,5.0,2.0,2,3.8691155044168695,3,8.0,0,0.4836394380521087,0,1,0
0.0,2.0,1,60.0,1.0,1.0,2,3.6888794541139363,3,3.0,0,1.2296264847046454,0,0,1
0.0,2.0,1,25.0,1.0,2.0,0,3.7513658711253766,3,4.0,0,0.9378414677813441,0,0,1
0.0,3.0,1,14.0,4.0,1.0,2,3.705920919968788,3,6.0,0,0.6176534866614647,0,1,0
0.0,3.0,1,19.0,0.0,0.0,2,2.4133032309283076,2,1.0,1,2.4133032309283076,0,1,0
0.0,3.0,1,18.0,0.0,0.0,2,2.174274334826008,1,1.0,1,2.174274334826008,0,1,0
1.0,1.0,1,31.0,1.0,0.0,2,4.060443010546419,3,2.0,0,2.0302215052732095,1,0,0
1.0,3.0,0,4.0,0.0,1.0,0,2.668387256845834,2,2.0,0,1.334193628422917,0,1,0
1.0,3.0,1,22.14998505867993,0.0,0.0,2,4.05171190165724,3,1.0,1,4.05171190165724,0,1,0
0.0,3.0,1,25.0,0.0,0.0,0,2.1071782966514356,1,1.0,1,2.1071782966514356,0,1,0
0.0,1.0,1,60.0,0.0,0.0,2,3.3160025355989236,0,1.0,1,3.3160025355989236,1,0,0
0.0,2.0,1,52.0,0.0,0.0,2,2.6741486494265287,2,1.0,1,2.6741486494265287,0,0,1
0.0,3.0,1,44.0,0.0,0.0,2,2.2027647577118348,2,1.0,1,2.2027647577118348,0,1,0
1.0,3.0,0,22.8206349816529,0.0,0.0,1,2.167143305297764,1,1.0,1,2.167143305297764,0,1,0
0.0,1.0,1,49.0,1.0,1.0,0,4.717456363787216,3,3.0,0,1.5724854545957385,1,0,0
0.0,3.0,1,42.0,0.0,0.0,2,2.157559320943788,1,1.0,1,2.157559320943788,0,1,0
1.0,1.0,1,35.0,0.0,0.0,2,3.3064287218760624,0,1.0,1,3.3064287218760624,1,0,0
0.0,3.0,0,18.0,0.0,1.0,0,2.737880811060884,0,2.0,0,1.368940405530442,0,1,0
0.0,3.0,1,25.0,0.0,0.0,1,2.1681046787623672,1,1.0,1,2.1681046787623672,0,1,0
0.0,3.0,1,26.0,1.0,0.0,2,2.180891922715322,1,2.0,0,1.090445961357661,0,1,0
0.0,2.0,1,39.0,0.0,0.0,2,3.295836866004329,0,1.0,1,3.295836866004329,0,0,1
1.0,2.0,0,45.0,0.0,0.0,2,2.6741486494265287,2,1.0,1,2.6741486494265287,0,0,1
1.0,1.0,1,42.0,0.0,0.0,2,3.3064287218760624,0,1.0,1,3.3064287218760624,1,0,0
1.0,3.0,1,17.937839142935736,1.0,1.0,0,2.7878344138303452,0,3.0,0,0.9292781379434484,0,1,0
1.0,1.0,0,24.0,0.0,0.0,0,3.922056501139853,3,1.0,1,3.922056501139853,1,0,0
0.0,1.0,1,44.499236800978004,0.0,0.0,2,3.3160025355989236,0,1.0,1,3.3160025355989236,1,0,0
1.0,1.0,1,48.0,1.0,0.0,2,3.970291913552122,3,2.0,0,1.985145956776061,1,0,0
0.0,3.0,1,29.0,0.0,0.0,2,2.3497835148230464,2,1.0,1,2.3497835148230464,0,1,0
0.0,2.0,1,52.0,0.0,0.0,2,2.6390573296152584,2,1.0,1,2.6390573296152584,0,0,1
0.0,3.0,1,19.0,0.0,0.0,2,2.157559320943788,1,1.0,1,2.157559320943788,0,1,0
1.0,2.0,0,27.0,0.0,0.0,2,2.4423470353692043,2,1.0,1,2.4423470353692043,0,0,1
0.0,3.0,1,29.091482976136344,0.0,0.0,1,2.803360380906535,0,1.0,1,2.803360380906535,0,1,0
0.0,3.0,1,33.0,0.0,0.0,2,2.1719067693519296,1,1.0,1,2.1719067693519296,0,1,0
1.0,2.0,0,6.0,0.0,1.0,2,3.5263605246161616,3,2.0,0,1.7631802623080808,0,0,1
0.0,3.0,1,17.0,1.0,0.0,2,2.086193694502369,1,2.0,0,1.0430968472511846,0,1,0
0.0,2.0,1,34.0,0.0,0.0,2,2.6390573296152584,2,1.0,1,2.6390573296152584,0,0,1
0.0,2.0,1,50.0,0.0,0.0,2,2.6390573296152584,2,1.0,1,2.6390573296152584,0,0,1
1.0,1.0,1,27.0,1.0,0.0,2,3.9908341858524357,3,2.0,0,1.9954170929262178,1,0,0
0.0,3.0,1,20.0,0.0,0.0,2,2.2682524139135403,2,1.0,1,2.2682524139135403,0,1,0
1.0,2.0,0,30.0,3.0,0.0,2,3.091042453358316,0,4.0,0,0.772760613339579,0,0,1
1.0,3.0,0,22.831386702681883,0.0,0.0,1,2.1676241075599285,1,1.0,1,2.1676241075599285,0,1,0
0.0,2.0,1,25.0,1.0,0.0,2,3.295836866004329,0,2.0,0,1.6479184330021646,0,0,1
0.0,3.0,0,25.0,1.0,0.0,2,2.188856327665703,1,2.0,0,1.0944281638328515,0,1,0
0.0,3.0,1,11.0,0.0,0.0,0,2.9850504252071306,0,1.0,1,2.9850504252071306,0,1,0
0.0,2.0,1,23.0,0.0,0.0,2,2.6390573296152584,2,1.0,1,2.6390573296152584,0,0,1
0.0,2.0,1,23.0,0.0,0.0,2,2.6390573296152584,2,1.0,1,2.6390573296152584,0,0,1
0.0,3.0,1,28.5,0.0,0.0,2,2.8390784635086144,0,1.0,1,2.8390784635086144,0,1,0
0.0,3.0,0,48.0,1.0,3.0,2,3.5660053559634015,3,5.0,0,0.7132010711926803,0,1,0
0.0,3.0,1,29.20299182137889,0.0,0.0,2,2.1855792552411137,1,1.0,1,2.1855792552411137,0,1,0
0.0,3.0,1,29.203352132382783,0.0,0.0,2,2.1855792552411137,1,1.0,1,2.1855792552411137,0,1,0
1.0,1.0,1,38.09255105776438,0.0,0.0,2,3.4339872044851463,3,1.0,1,3.4339872044851463,1,0,0
0.0,1.0,1,36.0,1.0,0.0,2,4.380149874661021,3,2.0,0,2.1900749373305106,1,0,0
0.0,3.0,1,24.0,1.0,0.0,2,2.8390784635086144,0,2.0,0,1.4195392317543072,0,1,0
1.0,3.0,1,31.0,0.0,0.0,2,2.188856327665703,1,1.0,1,2.188856327665703,0,1,0
0.0,1.0,1,70.0,1.0,1.0,2,4.276666119016055,3,3.0,0,1.4255553730053518,1,0,0
0.0,3.0,1,16.0,1.0,1.0,2,3.056356895370426,0,3.0,0,1.018785631790142,0,1,0
1.0,2.0,0,30.0,0.0,0.0,2,2.6390573296152584,2,1.0,1,2.6390573296152584,0,0,1
0.0,1.0,1,19.0,1.0,0.0,2,3.9908341858524357,3,2.0,0,1.9954170929262178,1,0,0
0.0,3.0,1,31.0,0.0,0.0,1,2.169053700369523,1,1.0,1,2.169053700369523,0,1,0
1.0,2.0,0,4.0,1.0,1.0,2,3.1780538303479458,0,3.0,0,1.0593512767826485,0,0,1
1.0,3.0,1,6.0,0.0,1.0,2,2.600836116795061,2,2.0,0,1.3004180583975304,0,1,0
0.0,3.0,1,33.0,0.0,0.0,2,2.3513752571634776,2,1.0,1,2.3513752571634776,0,1,0
0.0,3.0,1,23.0,0.0,0.0,2,2.1855792552411137,1,1.0,1,2.1855792552411137,0,1,0
1.0,2.0,0,48.0,1.0,2.0,2,4.189654742026425,3,4.0,0,1.0474136855066063,0,0,1
1.0,2.0,1,0.67,1.0,1.0,2,2.740840023925201,0,3.0,0,0.9136133413084003,0,0,1
0.0,3.0,1,28.0,0.0,0.0,2,2.174274334826008,1,1.0,1,2.174274334826008,0,1,0
0.0,2.0,1,18.0,0.0,0.0,2,2.5257286443082556,2,1.0,1,2.5257286443082556,0,0,1
0.0,3.0,1,34.0,0.0,0.0,2,2.2027647577118348,2,1.0,1,2.2027647577118348,0,1,0
1.0,1.0,0,33.0,0.0,0.0,2,4.471638793363569,3,1.0,1,4.471638793363569,1,0,0
0.0,3.0,1,29.12033248778368,0.0,0.0,2,2.740840023925201,0,1.0,1,2.740840023925201,0,1,0
0.0,3.0,1,41.0,0.0,0.0,2,2.094945728215801,1,1.0,1,2.094945728215801,0,1,0
1.0,3.0,1,20.0,0.0,0.0,0,2.1076888046179385,1,1.0,1,2.1076888046179385,0,1,0
1.0,1.0,0,36.0,1.0,2.0,2,4.795790545596741,3,4.0,0,1.1989476363991853,1,0,0
0.0,3.0,1,16.0,0.0,0.0,2,2.1719067693519296,1,1.0,1,2.1719067693519296,0,1,0
1.0,1.0,0,51.0,1.0,0.0,2,4.368919865004903,3,2.0,0,2.1844599325024516,1,0,0
0.0,1.0,1,44.34005424042866,0.0,0.0,0,3.703768066607687,3,1.0,1,3.703768066607687,1,0,0
0.0,3.0,0,30.5,0.0,0.0,1,2.169053700369523,1,1.0,1,2.169053700369523,0,1,0
0.0,3.0,1,25.051890177287014,1.0,0.0,1,3.224857896545748,0,2.0,0,1.612428948272874,0,1,0
0.0,3.0,1,32.0,0.0,0.0,2,2.236712348843338,2,1.0,1,2.236712348843338,0,1,0
0.0,3.0,1,24.0,0.0,0.0,2,2.3513752571634776,2,1.0,1,2.3513752571634776,0,1,0
0.0,3.0,1,48.0,0.0,0.0,2,2.180891922715322,1,1.0,1,2.180891922715322,0,1,0
0.0,2.0,0,57.0,0.0,0.0,2,2.4423470353692043,2,1.0,1,2.4423470353692043,0,0,1
0.0,3.0,1,29.224803700828904,0.0,0.0,0,2.1071782966514356,1,1.0,1,2.1071782966514356,0,1,0
1.0,2.0,0,54.0,1.0,3.0,2,3.1780538303479458,0,5.0,0,0.6356107660695891,0,0,1
0.0,3.0,1,18.0,0.0,0.0,2,2.169053700369523,1,1.0,1,2.169053700369523,0,1,0
0.0,3.0,1,29.218683497861594,0.0,0.0,1,2.169053700369523,1,1.0,1,2.169053700369523,0,1,0
1.0,3.0,0,5.0,0.0,0.0,2,2.600836116795061,2,1.0,1,2.600836116795061,0,1,0
0.0,3.0,1,29.219575575487926,0.0,0.0,1,2.1676241075599285,1,1.0,1,2.1676241075599285,0,1,0
1.0,3.0,0,13.0,0.0,0.0,0,2.1076888046179385,1,1.0,1,2.1076888046179385,0,1,0
1.0,1.0,0,17.0,1.0,0.0,2,4.060443010546419,3,2.0,0,2.0302215052732095,1,0,0
0.0,1.0,1,29.0,0.0,0.0,2,3.4339872044851463,3,1.0,1,3.4339872044851463,1,0,0
0.0,3.0,1,23.376668990968714,1.0,2.0,2,3.196630215920881,0,4.0,0,0.7991575539802203,0,1,0
0.0,3.0,1,25.0,0.0,0.0,2,2.0856720914304723,1,1.0,1,2.0856720914304723,0,1,0
0.0,3.0,1,25.0,0.0,0.0,2,2.1102132003465894,1,1.0,1,2.1102132003465894,0,1,0
1.0,3.0,0,18.0,0.0,0.0,2,2.139571923732859,1,1.0,1,2.139571923732859,0,1,0
0.0,3.0,1,8.0,4.0,1.0,1,3.405355391810819,0,6.0,0,0.5675592319684698,0,1,0
1.0,3.0,1,1.0,1.0,2.0,2,3.0715352369694915,0,4.0,0,0.7678838092423729,0,1,0
0.0,1.0,1,46.0,0.0,0.0,0,4.384523514872469,3,1.0,1,4.384523514872469,1,0,0
0.0,3.0,1,29.22372785191611,0.0,0.0,1,2.169053700369523,1,1.0,1,2.169053700369523,0,1,0
0.0,2.0,1,16.0,0.0,0.0,2,3.295836866004329,0,1.0,1,3.295836866004329,0,0,1
0.0,1.0,1,44.47191664702739,0.0,0.0,0,3.4561841799918147,3,1.0,1,3.4561841799918147,1,0,0
0.0,3.0,1,25.0,0.0,0.0,2,2.1855792552411137,1,1.0,1,2.1855792552411137,0,1,0
0.0,2.0,1,39.0,0.0,0.0,2,2.6390573296152584,2,1.0,1,2.6390573296152584,0,0,1
1.0,1.0,0,49.0,0.0,0.0,2,3.2932111997353943,0,1.0,1,3.2932111997353943,1,0,0
1.0,3.0,0,31.0,0.0,0.0,2,2.270402752283094,2,1.0,1,2.270402752283094,0,1,0
0.0,3.0,1,30.0,0.0,0.0,0,2.1076888046179385,1,1.0,1,2.1076888046179385,0,1,0
0.0,3.0,0,30.0,1.0,1.0,2,3.224857896545748,0,3.0,0,1.074952632181916,0,1,0
0.0,2.0,1,34.0,0.0,0.0,2,2.6390573296152584,2,1.0,1,2.6390573296152584,0,0,1
1.0,2.0,0,31.0,1.0,1.0,2,3.305053521109253,0,3.0,0,1.1016845070364176,0,0,1
1.0,1.0,1,11.0,1.0,2.0,2,4.795790545596741,3,4.0,0,1.1989476363991853,1,0,0
1.0,3.0,1,0.42,0.0,1.0,0,2.2530481500547457,2,2.0,0,1.1265240750273728,0,1,0
1.0,3.0,1,27.0,0.0,0.0,2,2.076311648670908,1,1.0,1,2.076311648670908,0,1,0
0.0,3.0,1,31.0,0.0,0.0,2,2.1719067693519296,1,1.0,1,2.1719067693519296,0,1,0
0.0,3.0,0,18.0,0.0,0.0,2,2.1719067693519296,1,1.0,1,2.1719067693519296,0,1,0
0.0,2.0,1,39.0,0.0,0.0,2,2.6390573296152584,2,1.0,1,2.6390573296152584,0,0,1
1.0,1.0,0,33.0,1.0,0.0,2,3.9908341858524357,3,2.0,0,1.9954170929262178,1,0,0
0.0,3.0,1,26.0,0.0,0.0,2,2.184645795129359,1,1.0,1,2.184645795129359,0,1,0
0.0,3.0,1,39.0,0.0,0.0,2,3.224857896545748,0,1.0,1,3.224857896545748,0,1,0
0.0,2.0,1,35.0,0.0,0.0,2,2.4423470353692043,2,1.0,1,2.4423470353692043,0,0,1
0.0,3.0,0,6.0,4.0,2.0,2,3.4742929367327062,3,7.0,0,0.4963275623903866,0,1,0
0.0,3.0,1,30.5,0.0,0.0,2,2.2027647577118348,2,1.0,1,2.2027647577118348,0,1,0
0.0,3.0,0,23.0,0.0,0.0,2,2.188856327665703,1,1.0,1,2.188856327665703,0,1,0
0.0,2.0,1,31.0,1.0,1.0,0,3.637696679934592,3,3.0,0,1.2125655599781973,0,0,1
0.0,3.0,1,43.0,0.0,0.0,2,2.0082140323914683,1,1.0,1,2.0082140323914683,0,1,0
0.0,3.0,1,10.0,3.0,2.0,2,3.3638415951183864,0,6.0,0,0.5606402658530644,0,1,0
1.0,1.0,0,52.0,1.0,1.0,2,4.548599834499697,3,3.0,0,1.5161999448332324,1,0,0
1.0,3.0,1,27.0,0.0,0.0,2,2.2682524139135403,2,1.0,1,2.2682524139135403,0,1,0
1.0,3.0,0,27.0,0.0,1.0,2,2.600836116795061,2,2.0,0,1.3004180583975304,0,1,0
0.0,3.0,1,2.0,4.0,1.0,2,3.705920919968788,3,6.0,0,0.6176534866614647,0,1,0
0.0,3.0,1,29.247311896639427,0.0,0.0,1,2.0731719286662407,1,1.0,1,2.0731719286662407,0,1,0
0.0,3.0,1,28.568079744809165,0.0,0.0,2,4.05171190165724,3,1.0,1,4.05171190165724,0,1,0
1.0,2.0,1,1.0,0.0,2.0,0,3.637696679934592,3,3.0,0,1.2125655599781973,0,0,1
1.0,3.0,1,22.86760665845662,0.0,0.0,1,2.169053700369523,1,1.0,1,2.169053700369523,0,1,0
1.0,1.0,0,62.0,0.0,0.0,2,4.394449154672439,3,1.0,1,4.394449154672439,1,0,0
1.0,3.0,0,15.0,1.0,0.0,0,2.737880811060884,0,2.0,0,1.368940405530442,0,1,0
1.0,2.0,1,0.83,1.0,1.0,2,2.9831534913471307,0,3.0,0,0.9943844971157102,0,0,1
0.0,3.0,1,29.24600444097081,0.0,0.0,0,2.1076888046179385,1,1.0,1,2.1076888046179385,0,1,0
0.0,3.0,1,23.0,0.0,0.0,2,2.180891922715322,1,1.0,1,2.180891922715322,0,1,0
0.0,3.0,1,18.0,0.0,0.0,2,2.2300144001592104,2,1.0,1,2.2300144001592104,0,1,0
1.0,1.0,0,39.0,1.0,1.0,0,4.432699549165613,3,3.0,0,1.4775665163885376,1,0,0
0.0,3.0,1,21.0,0.0,0.0,2,2.2682524139135403,2,1.0,1,2.2682524139135403,0,1,0
0.0,3.0,1,29.236547534253983,0.0,0.0,2,2.2027647577118348,2,1.0,1,2.2027647577118348,0,1,0
1.0,3.0,1,32.0,0.0,0.0,2,4.05171190165724,3,1.0,1,4.05171190165724,0,1,0
1.0,1.0,1,38.13233678199501,0.0,0.0,0,3.4242626545931514,0,1.0,1,3.4242626545931514,1,0,0
0.0,3.0,1,20.0,0.0,0.0,2,2.188856327665703,1,1.0,1,2.188856327665703,0,1,0
0.0,2.0,1,16.0,0.0,0.0,2,2.4423470353692043,2,1.0,1,2.4423470353692043,0,0,1
1.0,1.0,0,30.0,0.0,0.0,0,3.4657359027997265,3,1.0,1,3.4657359027997265,1,0,0
0.0,3.0,1,34.5,0.0,0.0,0,2.006534770871748,1,1.0,1,2.006534770871748,0,1,0
0.0,3.0,1,17.0,0.0,0.0,2,2.2682524139135403,2,1.0,1,2.2682524139135403,0,1,0
0.0,3.0,1,42.0,0.0,0.0,2,2.145931282948669,1,1.0,1,2.145931282948669,0,1,0
0.0,3.0,1,35.0,0.0,0.0,0,2.1855792552411137,1,1.0,1,2.1855792552411137,0,1,0
0.0,2.0,1,28.0,0.0,1.0,2,3.5263605246161616,3,2.0,0,1.7631802623080808,0,0,1
1.0,1.0,0,33.38216412259955,1.0,0.0,0,4.500966778400217,3,2.0,0,2.2504833892001086,1,0,0
0.0,3.0,1,4.0,4.0,2.0,2,3.4742929367327062,3,7.0,0,0.4963275623903866,0,1,0
0.0,3.0,1,74.0,0.0,0.0,2,2.1719067693519296,1,1.0,1,2.1719067693519296,0,1,0
0.0,3.0,0,9.0,1.0,1.0,0,2.7878344138303452,0,3.0,0,0.9292781379434484,0,1,0
1.0,1.0,0,16.0,0.0,1.0,2,3.6988297849671046,3,2.0,0,1.8494148924835523,1,0,0
0.0,2.0,0,44.0,1.0,0.0,2,3.295836866004329,0,2.0,0,1.6479184330021646,0,0,1
1.0,3.0,0,18.0,0.0,1.0,2,2.336986519711378,2,2.0,0,1.168493259855689,0,1,0
1.0,1.0,1,51.0,0.0,0.0,2,3.3160025355989236,0,1.0,1,3.3160025355989236,1,0,0
1.0,3.0,0,24.0,0.0,3.0,0,3.0085645861193133,0,4.0,0,0.7521411465298283,0,1,0
0.0,3.0,1,29.255732838075943,0.0,0.0,0,2.1076888046179385,1,1.0,1,2.1076888046179385,0,1,0
0.0,3.0,1,41.0,2.0,0.0,2,2.7152442616824506,2,3.0,0,0.9050814205608169,0,1,0
0.0,2.0,1,21.0,1.0,0.0,2,2.5257286443082556,2,2.0,0,1.2628643221541278,0,0,1
1.0,1.0,0,48.0,0.0,0.0,2,3.2932111997353943,0,1.0,1,3.2932111997353943,1,0,0
0.0,2.0,1,24.0,0.0,0.0,2,2.6390573296152584,2,1.0,1,2.6390573296152584,0,0,1
1.0,2.0,0,42.0,0.0,0.0,2,2.6390573296152584,2,1.0,1,2.6390573296152584,0,0,1
1.0,2.0,0,27.0,1.0,0.0,0,2.698558631668595,2,2.0,0,1.3492793158342975,0,0,1
0.0,1.0,1,31.0,0.0,0.0,2,3.941500250945973,3,1.0,1,3.941500250945973,1,0,0
0.0,3.0,1,29.22782832362319,0.0,0.0,2,2.3513752571634776,2,1.0,1,2.3513752571634776,0,1,0
1.0,3.0,1,4.0,1.0,1.0,2,2.495953738718064,2,3.0,0,0.831984579572688,0,1,0
0.0,3.0,1,26.0,0.0,0.0,2,2.1855792552411137,1,1.0,1,2.1855792552411137,0,1,0
1.0,1.0,0,47.0,1.0,1.0,2,3.9806942251907276,3,3.0,0,1.326898075063576,1,0,0
0.0,3.0,1,47.0,0.0,0.0,2,2.302585092994046,2,1.0,1,2.302585092994046,0,1,0
1.0,2.0,0,28.0,1.0,0.0,0,3.2188758248682006,0,2.0,0,1.6094379124341003,0,0,1
1.0,3.0,0,15.0,0.0,0.0,0,2.1071782966514356,1,1.0,1,2.1071782966514356,0,1,0
0.0,3.0,1,20.0,0.0,0.0,2,2.3837779082709782,2,1.0,1,2.3837779082709782,0,1,0
0.0,3.0,1,19.0,0.0,0.0,2,2.1855792552411137,1,1.0,1,2.1855792552411137,0,1,0
0.0,3.0,1,29.25343536192403,0.0,0.0,2,2.1855792552411137,1,1.0,1,2.1855792552411137,0,1,0
1.0,1.0,0,56.0,0.0,1.0,0,4.432699549165613,3,2.0,0,2.2163497745828065,1,0,0
1.0,2.0,0,25.0,0.0,1.0,2,3.295836866004329,0,2.0,0,1.6479184330021646,0,0,1
0.0,3.0,1,33.0,0.0,0.0,2,2.1855792552411137,1,1.0,1,2.1855792552411137,0,1,0
0.0,3.0,0,22.0,0.0,0.0,2,2.4437981558973862,2,1.0,1,2.4437981558973862,0,1,0
0.0,2.0,1,28.0,0.0,0.0,2,2.4423470353692043,2,1.0,1,2.4423470353692043,0,0,1
0.0,3.0,1,25.0,0.0,0.0,2,2.0856720914304723,1,1.0,1,2.0856720914304723,0,1,0
0.0,3.0,0,39.0,0.0,5.0,1,3.405355391810819,0,6.0,0,0.5675592319684698,0,1,0
0.0,2.0,1,27.0,0.0,0.0,2,2.6390573296152584,2,1.0,1,2.6390573296152584,0,0,1
1.0,1.0,0,19.0,0.0,0.0,2,3.4339872044851463,3,1.0,1,3.4339872044851463,1,0,0
0.0,3.0,0,23.41450164637757,1.0,2.0,2,3.196630215920881,0,4.0,0,0.7991575539802203,0,1,0
1.0,1.0,1,26.0,0.0,0.0,0,3.4339872044851463,3,1.0,1,3.4339872044851463,1,0,0
0.0,3.0,1,32.0,0.0,0.0,1,2.169053700369523,1,1.0,1,2.169053700369523,0,1,0
